,open,high,low,close,tick_volume,spread
2026-09-08 11:15:00,4390.46,4396.39,4389.43,4394.64,3325,9
2026-09-08 11:30:00,4394.61,4398.54,4391.88,4392.66,4139,8
2026-09-08 11:45:00,4392.66,4398.19,4390.93,4394.13,4657,8
2026-09-08 12:00:00,4394.06,4397.96,4391.2,4397.36,3538,8
2026-09-08 12:15:00,4397.36,4399.29,4392.39,4392.99,2890,8
2026-09-08 12:30:00,4393.03,4403.67,4390.85,4401.42,3774,8
2026-09-08 12:45:00,4401.38,4405.57,4400.98,4402.9,2485,10
2026-09-08 13:00:00,4402.92,4402.92,4393.64,4396.25,3333,8
2026-09-08 13:15:00,4396.27,4406.91,4395.98,4399.38,3205,8
2026-09-08 13:30:00,4399.38,4399.46,4393.86,4397.08,2407,10
2026-09-08 13:45:00,4397.08,4400.41,4395.19,4395.24,2387,9
2026-09-08 14:00:00,4395.25,4399.39,4391.07,4395.05,3180,8
2026-09-08 14:15:00,4395.01,4402.94,4394.87,4401.95,2852,10
2026-09-08 14:30:00,4401.95,4407.9,4400.48,4403.5,2674,9
2026-09-08 14:45:00,4403.5,4406.59,4397.68,4406.35,2940,8
2026-09-08 15:00:00,4406.35,4406.67,4390.38,4391.78,4813,8
2026-09-08 15:15:00,4391.72,4401.81,4385.3,4401.81,5216,8
2026-09-08 15:30:00,4401.8,4408.11,4395.15,4396.48,4793,9
2026-09-08 15:45:00,4396.48,4411.75,4395.57,4411.55,3928,8
2026-09-08 16:00:00,4411.46,4413.19,4402.4,4408.27,7409,8
2026-09-08 16:15:00,4408.3,4410.77,4398.98,4400.33,5322,8
2026-09-08 16:30:00,4400.33,4405.69,4390.2,4396.59,8935,8
2026-09-08 16:45:00,4396.59,4407.37,4394.28,4395.52,7345,8
2026-09-08 17:00:00,4395.52,4402.78,4391.39,4394.38,7306,8
2026-09-08 17:15:00,4394.33,4403.62,4393.93,4396.74,6216,8
2026-09-08 17:30:00,4396.72,4400.71,4392.69,4397.3,7530,8
2026-09-08 17:45:00,4397.27,4399.16,4388.98,4398.57,6110,8
2026-09-08 18:00:00,4398.58,4408.18,4397.49,4404.72,5825,8
2026-09-08 18:15:00,4404.73,4409.26,4396.36,4398.95,6238,8
2026-09-08 18:30:00,4398.97,4404.1,4397.27,4400.16,5212,9
2026-09-08 18:45:00,4400.13,4400.5,4394.61,4394.7,4325,8
2026-09-08 19:00:00,4394.68,4395.09,4380.43,4386.42,5482,8
2026-09-08 19:15:00,4386.28,4395.48,4383.66,4393.99,4829,8
2026-09-08 19:30:00,4393.99,4396.64,4392.93,4394.14,3939,8
2026-09-08 19:45:00,4394.12,4398.34,4390.1,4393.6,5099,8
2026-09-08 20:00:00,4393.62,4403.78,4393.62,4395.43,5185,8
2026-09-08 20:15:00,4395.43,4397.34,4391.95,4393.96,4433,8
2026-09-08 20:30:00,4394.08,4395.03,4385.35,4385.37,3949,8
2026-09-08 20:45:00,4385.47,4390.35,4385.13,4389.9,3042,8
2026-09-08 21:00:00,4389.93,4390.3,4383.96,4387.49,4010,8
2026-09-08 21:15:00,4387.49,4387.64,4384.27,4385.55,3385,8
2026-09-08 21:30:00,4385.65,4385.7,4381.4,4385.62,2917,8
2026-09-08 21:45:00,4385.62,4386.61,4358.16,4375.57,8232,8
2026-09-08 22:00:00,4375.52,4377.22,4369.27,4370.4,5068,8
2026-09-08 22:15:00,4370.48,4373.1,4366.19,4368.64,4597,8
2026-09-08 22:30:00,4368.63,4369.7,4361.35,4368.72,4321,8
2026-09-08 22:45:00,4368.72,4368.85,4356.74,4359.38,5420,8
2026-09-09 01:00:00,4352.19,4358.48,4340.63,4355.94,1183,14
2026-09-09 01:15:00,4355.96,4357.54,4353.18,4354.29,663,14
2026-09-09 01:30:00,4354.74,4355.98,4350.28,4351.71,810,9
2026-09-09 01:45:00,4351.84,4354.15,4350.8,4353.93,698,11
2026-09-09 02:00:00,4353.97,4354.84,4351.72,4352.23,694,11
2026-09-09 02:15:00,4352.28,4357.55,4351.83,4357.44,858,10
2026-09-09 02:30:00,4357.37,4359.8,4356.6,4358.49,899,8
2026-09-09 02:45:00,4358.39,4358.44,4349.01,4349.79,1890,10
2026-09-09 03:00:00,4349.8,4352.83,4344.53,4349.53,3613,8
2026-09-09 03:15:00,4349.53,4350.19,4341.09,4346.89,3259,8
2026-09-09 03:30:00,4346.94,4354.86,4343.56,4354.75,3241,9
2026-09-09 03:45:00,4354.75,4365.47,4352.73,4364.62,2743,8
2026-09-09 04:00:00,4364.62,4368.54,4353.97,4368.15,4972,8
2026-09-09 04:15:00,4368.15,4373.02,4362.8,4371.57,3807,8
2026-09-09 04:30:00,4371.54,4378.02,4370.71,4376.33,3868,9
2026-09-09 04:45:00,4376.33,4378.04,4370.72,4373.54,3429,12
2026-09-09 05:00:00,4373.51,4375.57,4370.4,4373.39,3955,8
2026-09-09 05:15:00,4373.44,4376.87,4371.47,4372.79,2074,8
2026-09-09 05:30:00,4372.79,4374.46,4367.1,4374.11,2484,8
2026-09-09 05:45:00,4373.98,4384.44,4373.01,4382.33,3377,8
2026-09-09 06:00:00,4382.35,4382.9,4378.05,4379.04,2201,9
2026-09-09 06:15:00,4379.04,4379.21,4375.38,4377.96,1546,8
2026-09-09 06:30:00,4378.02,4379.9,4375.31,4378.6,1099,8
2026-09-09 06:45:00,4378.6,4378.99,4375.04,4375.06,1220,10
2026-09-09 07:00:00,4375.06,4376.06,4370.52,4373.24,1442,8
2026-09-09 07:15:00,4373.25,4380.73,4372.28,4379.96,1925,8
2026-09-09 07:30:00,4379.88,4380.06,4376.2,4377.9,1563,8
2026-09-09 07:45:00,4377.9,4382.47,4377.42,4381.45,2123,8
2026-09-09 08:00:00,4381.43,4387.79,4380.33,4387.59,2135,8
2026-09-09 08:15:00,4387.46,4388.54,4383.17,4384.94,1925,9
2026-09-09 08:30:00,4385.11,4395.64,4384.16,4395.45,2752,9
2026-09-09 08:45:00,4395.33,4400.94,4392.43,4398.72,2554,8
2026-09-09 09:00:00,4398.68,4405.25,4398.27,4401.28,3115,8
2026-09-09 09:15:00,4401.31,4403.25,4395.13,4398.05,2670,8
2026-09-09 09:30:00,4398.31,4406.02,4397.04,4400.29,2831,8
2026-09-09 09:45:00,4400.26,4401.48,4398.69,4400.48,2061,9
2026-09-09 10:00:00,4400.48,4407.72,4399.17,4406.5,2410,8
2026-09-09 10:15:00,4406.5,4408.78,4402.83,4407.64,2942,8
2026-09-09 10:30:00,4407.68,4410.38,4406.23,4410.32,2016,9
2026-09-09 10:45:00,4410.33,4412.75,4408.37,4409.07,2629,8
2026-09-09 11:00:00,4409.07,4411.9,4403.62,4403.77,3526,8
2026-09-09 11:15:00,4403.81,4404.79,4399.41,4399.69,2892,8
2026-09-09 11:30:00,4399.59,4403.47,4398.97,4399.9,2609,8
2026-09-09 11:45:00,4399.88,4403.23,4398.93,4400.66,2158,9
2026-09-09 12:00:00,4400.66,4402.27,4397.78,4398.37,2731,8
2026-09-09 12:15:00,4398.34,4400.08,4396.84,4398.39,2269,8
2026-09-09 12:30:00,4398.12,4398.69,4395.28,4396.27,2683,8
2026-09-09 12:45:00,4396.29,4396.29,4388.47,4390.61,2849,10
2026-09-09 13:00:00,4390.61,4393.51,4386.1,4391.12,2596,11
2026-09-09 13:15:00,4391.04,4395.92,4389.18,4394.28,2676,8
2026-09-09 13:30:00,4394.29,4399.29,4393.41,4394.89,2693,8
2026-09-09 13:45:00,4394.87,4403.04,4394.61,4399.56,2922,8
2026-09-09 14:00:00,4399.56,4404.57,4399.56,4403.54,2843,8
2026-09-09 14:15:00,4403.56,4409.05,4401.38,4408.29,3081,8
2026-09-09 14:30:00,4408.15,4408.37,4403.42,4405.48,2890,8
2026-09-09 14:45:00,4405.63,4415.24,4403.36,4407.22,4886,8
2026-09-09 15:00:00,4407.33,4409.38,4399.0,4399.15,4059,8
2026-09-09 15:15:00,4399.16,4400.24,4393.58,4393.65,4431,8
2026-09-09 15:30:00,4393.68,4397.54,4390.73,4395.34,4615,8
2026-09-09 15:45:00,4395.34,4402.13,4395.23,4400.05,3422,8
2026-09-09 16:00:00,4400.05,4413.58,4398.53,4413.22,5655,8
2026-09-09 16:15:00,4413.24,4430.21,4410.81,4429.47,5996,8
2026-09-09 16:30:00,4429.47,4434.07,4412.79,4417.04,9375,8
2026-09-09 16:45:00,4417.07,4423.74,4410.56,4414.95,7219,8
2026-09-09 17:00:00,4414.75,4428.62,4414.26,4423.29,7782,8
2026-09-09 17:15:00,4423.31,4426.08,4409.74,4425.87,8610,8
2026-09-09 17:30:00,4425.91,4427.03,4418.53,4418.81,6328,8
2026-09-09 17:45:00,4418.81,4423.51,4414.85,4418.71,6626,8
2026-09-09 18:00:00,4418.71,4432.0,4380.11,4389.63,12159,8
2026-09-09 18:15:00,4389.66,4395.26,4375.0,4394.59,10153,9
2026-09-09 18:30:00,4394.6,4407.02,4392.45,4402.96,7696,9
2026-09-09 18:45:00,4403.02,4407.16,4397.98,4398.44,6055,8
2026-09-09 19:00:00,4398.48,4403.11,4394.81,4397.87,6972,8
2026-09-09 19:15:00,4397.87,4402.43,4391.42,4401.7,5100,8
2026-09-09 19:30:00,4401.67,4407.87,4398.84,4407.29,4569,8
2026-09-09 19:45:00,4407.29,4410.37,4405.53,4409.41,4131,8
2026-09-09 20:00:00,4409.5,4420.45,4408.79,4416.53,5113,8
2026-09-09 20:15:00,4416.53,4420.48,4414.27,4414.71,4673,9
2026-09-09 20:30:00,4414.71,4417.14,4411.71,4413.55,4039,8
2026-09-09 20:45:00,4413.55,4416.89,4413.31,4415.98,2846,8
2026-09-09 21:00:00,4416.04,4421.61,4415.77,4420.33,3511,8
2026-09-09 21:15:00,4420.33,4420.65,4416.62,4417.89,2884,8
2026-09-09 21:30:00,4418.0,4418.32,4409.51,4409.81,3168,8
2026-09-09 21:45:00,4409.87,4410.12,4401.62,4403.15,4151,8
2026-09-09 22:00:00,4403.25,4404.19,4396.74,4400.26,4336,8
2026-09-09 22:15:00,4400.19,4404.87,4398.56,4399.59,3679,8
2026-09-09 22:30:00,4399.59,4400.91,4395.66,4399.81,3388,8
2026-09-09 22:45:00,4399.81,4401.51,4396.28,4399.15,4370,8
2026-09-10 01:00:00,4401.6,4406.11,4401.15,4402.85,957,11
2026-09-10 01:15:00,4402.98,4404.35,4400.18,4402.35,655,9
2026-09-10 01:30:00,4402.35,4403.95,4399.81,4401.39,952,10
2026-09-10 01:45:00,4401.39,4401.66,4397.53,4399.45,953,8
2026-09-10 02:00:00,4399.44,4402.94,4398.16,4400.59,1248,8
2026-09-10 02:15:00,4400.44,4402.34,4395.68,4397.41,1190,12
2026-09-10 02:30:00,4397.31,4399.07,4393.19,4394.26,801,17
2026-09-10 02:45:00,4394.36,4395.1,4393.01,4394.13,1427,17
2026-09-10 03:00:00,4394.13,4397.07,4389.61,4394.82,2999,8
2026-09-10 03:15:00,4394.87,4398.46,4392.08,4392.69,3116,12
2026-09-10 03:30:00,4392.69,4401.63,4391.31,4400.81,2792,8
2026-09-10 03:45:00,4400.84,4404.7,4397.76,4400.94,3309,8
2026-09-10 04:00:00,4400.94,4418.97,4400.14,4412.61,4899,8
2026-09-10 04:15:00,4412.75,4416.48,4410.21,4410.32,4901,8
2026-09-10 04:30:00,4410.32,4410.91,4405.16,4409.97,4221,11
2026-09-10 04:45:00,4409.97,4414.4,4407.87,4412.06,4703,8
2026-09-10 05:00:00,4412.15,4418.68,4411.57,4413.93,4658,10
2026-09-10 05:15:00,4413.93,4417.68,4407.9,4416.91,2725,9
2026-09-10 05:30:00,4416.9,4420.72,4411.03,4417.98,3877,8
2026-09-10 05:45:00,4417.99,4420.75,4416.09,4419.31,3113,8
2026-09-10 06:00:00,4419.22,4421.08,4411.47,4412.48,3148,11
2026-09-10 06:15:00,4412.48,4414.79,4409.16,4409.99,2608,8
2026-09-10 06:30:00,4409.99,4412.47,4407.03,4407.75,1821,8
2026-09-10 06:45:00,4407.85,4409.96,4406.75,4409.01,1498,8
2026-09-10 07:00:00,4409.01,4415.45,4409.0,4414.0,1533,8
2026-09-10 07:15:00,4414.0,4415.47,4410.6,4411.56,1505,9
2026-09-10 07:30:00,4411.66,4413.68,4405.47,4406.47,1700,10
2026-09-10 07:45:00,4406.47,4411.61,4406.24,4408.38,1570,14
2026-09-10 08:00:00,4408.35,4418.79,4408.05,4418.78,2500,11
2026-09-10 08:15:00,4418.81,4420.66,4416.88,4420.63,2363,8
2026-09-10 08:30:00,4420.66,4429.46,4417.35,4428.14,4719,8
2026-09-10 08:45:00,4428.04,4431.26,4423.59,4431.06,3680,8
2026-09-10 09:00:00,4430.97,4434.62,4415.97,4416.24,3870,8
2026-09-10 09:15:00,4416.34,4417.59,4410.85,4417.51,4221,8
2026-09-10 09:30:00,4417.5,4426.94,4413.21,4426.79,3980,8
2026-09-10 09:45:00,4426.8,4428.87,4423.59,4425.19,3879,8
2026-09-10 10:00:00,4425.19,4425.35,4413.02,4413.2,3704,8
2026-09-10 10:15:00,4413.24,4414.98,4407.96,4408.38,3196,10
2026-09-10 10:30:00,4408.38,4410.7,4404.0,4409.67,4218,8
2026-09-10 10:45:00,4409.42,4415.35,4408.84,4411.78,3281,8
2026-09-10 11:00:00,4411.79,4412.83,4404.62,4405.6,4222,8
2026-09-10 11:15:00,4405.65,4407.69,4403.89,4405.61,3750,8
2026-09-10 11:30:00,4405.64,4405.97,4394.76,4395.85,4437,8
2026-09-10 11:45:00,4395.9,4398.36,4392.43,4394.83,4476,8
2026-09-10 12:00:00,4394.83,4396.62,4389.71,4394.86,3847,8
2026-09-10 12:15:00,4395.1,4396.89,4391.65,4392.87,3532,8
2026-09-10 12:30:00,4392.78,4393.09,4388.35,4392.99,3847,8
2026-09-10 12:45:00,4393.05,4395.75,4392.47,4394.01,2901,8
2026-09-10 13:00:00,4394.01,4400.05,4389.87,4395.12,5008,8
2026-09-10 13:15:00,4395.11,4400.2,4393.55,4394.02,3862,8
2026-09-10 13:30:00,4394.05,4394.71,4377.81,4383.69,5114,8
2026-09-10 13:45:00,4383.57,4387.94,4374.93,4378.87,5625,8
2026-09-10 14:00:00,4378.82,4384.45,4375.18,4383.5,4910,8
2026-09-10 14:15:00,4383.5,4388.7,4379.84,4385.9,4897,8
2026-09-10 14:30:00,4385.92,4390.69,4384.41,4384.52,4254,8
2026-09-10 14:45:00,4384.53,4385.27,4373.4,4374.52,5613,8
2026-09-10 15:00:00,4374.52,4377.75,4369.78,4375.25,5913,8
2026-09-10 15:15:00,4375.25,4377.13,4361.88,4363.42,5403,8
2026-09-10 15:30:00,4363.58,4373.42,4323.99,4340.87,9159,8
2026-09-10 15:45:00,4340.77,4354.95,4336.28,4340.21,8101,8
2026-09-10 16:00:00,4340.07,4355.36,4339.42,4343.79,8657,8
2026-09-10 16:15:00,4343.79,4357.66,4341.42,4357.66,9071,8
2026-09-10 16:30:00,4357.73,4373.35,4352.28,4364.46,10298,8
2026-09-10 16:45:00,4364.58,4375.82,4362.4,4365.58,8605,8
2026-09-10 17:00:00,4365.63,4375.08,4359.14,4359.34,9066,8
2026-09-10 17:15:00,4359.29,4376.27,4353.85,4363.35,8956,8
2026-09-10 17:30:00,4363.12,4370.29,4356.14,4356.2,8166,10
2026-09-10 17:45:00,4356.2,4361.66,4353.87,4358.08,7908,9
2026-09-10 18:00:00,4358.09,4361.45,4352.58,4359.66,7369,8
2026-09-10 18:15:00,4359.64,4367.73,4358.57,4365.31,7570,8
2026-09-10 18:30:00,4365.4,4372.13,4362.24,4365.74,6410,8
2026-09-10 18:45:00,4365.78,4370.08,4360.88,4365.82,5850,8
2026-09-10 19:00:00,4365.95,4369.92,4353.99,4359.0,7317,8
2026-09-10 19:15:00,4359.03,4363.73,4355.32,4362.96,5919,8
2026-09-10 19:30:00,4363.05,4365.58,4355.67,4356.48,6176,8
2026-09-10 19:45:00,4356.48,4364.26,4356.39,4363.99,5086,8
2026-09-10 20:00:00,4363.99,4368.06,4359.55,4362.47,5479,8
2026-09-10 20:15:00,4362.48,4366.9,4361.25,4365.82,6144,8
2026-09-10 20:30:00,4365.83,4366.32,4355.28,4359.43,6492,8
2026-09-10 20:45:00,4359.46,4360.23,4351.1,4352.63,5778,8
2026-09-10 21:00:00,4352.75,4356.16,4340.34,4340.85,7748,8
2026-09-10 21:15:00,4340.83,4346.29,4337.39,4339.03,6670,8
2026-09-10 21:30:00,4339.03,4339.04,4331.84,4333.82,6117,8
2026-09-10 21:45:00,4333.82,4338.61,4329.73,4332.9,6856,8
2026-09-10 22:00:00,4332.76,4332.88,4313.68,4322.48,7215,8
2026-09-10 22:15:00,4322.48,4330.8,4319.33,4327.27,5404,8
2026-09-10 22:30:00,4327.27,4329.55,4323.56,4324.36,5313,8
2026-09-10 22:45:00,4324.35,4326.06,4320.1,4324.32,5792,8
2026-09-11 01:00:00,4311.47,4324.54,4285.91,4321.31,739,13
2026-09-11 01:15:00,4321.23,4322.05,4318.86,4319.7,671,10
2026-09-11 01:30:00,4319.7,4320.44,4313.63,4315.96,1209,9
2026-09-11 01:45:00,4315.97,4319.17,4315.02,4318.57,666,11
2026-09-11 02:00:00,4318.57,4319.85,4316.58,4319.52,658,18
2026-09-11 02:15:00,4319.51,4320.46,4317.6,4318.13,458,15
2026-09-11 02:30:00,4318.1,4320.31,4314.47,4315.98,934,14
2026-09-11 02:45:00,4315.98,4317.96,4310.87,4315.1,1700,16
2026-09-11 03:00:00,4315.18,4323.68,4312.54,4319.05,5732,8
2026-09-11 03:15:00,4319.03,4324.07,4316.98,4323.9,4774,9
2026-09-11 03:30:00,4323.9,4327.51,4319.68,4327.47,4224,8
2026-09-11 03:45:00,4327.44,4333.78,4326.71,4332.04,4357,8
2026-09-11 04:00:00,4332.04,4340.42,4328.06,4333.12,6673,8
2026-09-11 04:15:00,4333.1,4337.52,4320.84,4328.09,5166,8
2026-09-11 04:30:00,4328.1,4334.97,4322.46,4326.72,4374,9
2026-09-11 04:45:00,4326.72,4330.12,4323.88,4329.32,3836,8
2026-09-11 05:00:00,4329.32,4333.47,4327.57,4330.68,3135,8
2026-09-11 05:15:00,4330.64,4334.53,4323.42,4325.14,2928,9
2026-09-11 05:30:00,4325.12,4326.52,4316.75,4318.55,5340,8
2026-09-11 05:45:00,4318.54,4326.69,4315.86,4322.73,4253,10
2026-09-11 06:00:00,4322.73,4326.47,4314.26,4319.57,4247,9
2026-09-11 06:15:00,4319.57,4321.55,4303.89,4309.16,3861,8
2026-09-11 06:30:00,4309.15,4312.48,4306.35,4308.2,3188,8
2026-09-11 06:45:00,4308.2,4308.32,4300.64,4303.8,3895,8
2026-09-11 07:00:00,4303.8,4324.96,4301.86,4321.52,4979,8
2026-09-11 07:15:00,4321.52,4329.13,4319.32,4328.64,3719,9
2026-09-11 07:30:00,4328.64,4332.8,4325.35,4330.42,3609,9
2026-09-11 07:45:00,4330.42,4335.29,4329.01,4331.77,2539,9
2026-09-11 08:00:00,4331.77,4338.1,4328.18,4338.03,3515,8
2026-09-11 08:15:00,4338.01,4339.35,4333.42,4334.6,3082,9
2026-09-11 08:30:00,4334.57,4342.88,4333.54,4342.75,4873,10
2026-09-11 08:45:00,4342.75,4352.02,4339.57,4346.03,4177,8
2026-09-11 09:00:00,4346.03,4361.01,4345.74,4358.97,5598,8
2026-09-11 09:15:00,4358.98,4360.39,4351.2,4351.58,4387,8
2026-09-11 09:30:00,4351.58,4353.97,4347.03,4350.62,4449,8
2026-09-11 09:45:00,4350.64,4355.37,4349.48,4353.15,3763,8
2026-09-11 10:00:00,4353.19,4356.18,4349.78,4351.56,3385,8
2026-09-11 10:15:00,4351.83,4352.34,4345.94,4346.28,3359,8
2026-09-11 10:30:00,4346.2,4347.79,4343.04,4345.08,3325,8
2026-09-11 10:45:00,4345.1,4345.21,4340.5,4344.91,3487,9
2026-09-11 11:00:00,4344.91,4349.4,4342.13,4347.43,4867,8
2026-09-11 11:15:00,4347.39,4357.49,4343.6,4351.5,5016,8
2026-09-11 11:30:00,4351.38,4356.7,4351.09,4352.61,4106,8
2026-09-11 11:45:00,4352.63,4355.41,4345.52,4346.99,4038,8
2026-09-11 12:00:00,4347.02,4353.97,4342.38,4342.38,4095,8
2026-09-11 12:15:00,4342.38,4346.16,4341.41,4343.7,3465,8
2026-09-11 12:30:00,4343.74,4345.01,4340.77,4343.4,3277,8
2026-09-11 12:45:00,4343.4,4347.69,4342.37,4346.31,3310,11
2026-09-11 13:00:00,4346.31,4349.8,4341.3,4346.1,3693,8
2026-09-11 13:15:00,4346.25,4349.92,4345.62,4349.29,3461,8
2026-09-11 13:30:00,4349.18,4349.64,4343.68,4345.06,4336,8
2026-09-11 13:45:00,4345.09,4345.31,4336.64,4337.47,3447,8
2026-09-11 14:00:00,4337.53,4342.55,4334.61,4338.05,4266,8
2026-09-11 14:15:00,4338.04,4341.59,4335.89,4336.41,4396,8
2026-09-11 14:30:00,4336.41,4337.24,4330.06,4334.6,4306,11
2026-09-11 14:45:00,4334.66,4336.14,4330.69,4333.27,4714,8
2026-09-11 15:00:00,4333.29,4334.79,4324.66,4327.88,6290,9
2026-09-11 15:15:00,4327.87,4343.33,4327.15,4341.15,8866,10
2026-09-11 15:30:00,4340.9,4362.34,4289.57,4353.82,12025,8
2026-09-11 15:45:00,4353.87,4390.13,4352.43,4388.38,10772,8
2026-09-11 16:00:00,4388.18,4394.25,4380.43,4389.24,9232,8
2026-09-11 16:15:00,4389.36,4398.47,4380.39,4390.05,8047,8
2026-09-11 16:30:00,4390.05,4400.24,4381.53,4394.72,10890,8
2026-09-11 16:45:00,4394.74,4402.45,4387.14,4401.55,9677,8
2026-09-11 17:00:00,4401.55,4402.37,4381.51,4383.03,10847,8
2026-09-11 17:15:00,4382.74,4385.36,4374.21,4375.07,9997,8
2026-09-11 17:30:00,4375.01,4375.49,4364.65,4371.43,9147,8
2026-09-11 17:45:00,4371.43,4384.27,4370.41,4370.76,8314,8
2026-09-11 18:00:00,4370.56,4372.82,4359.16,4362.43,7884,8
2026-09-11 18:15:00,4362.45,4372.32,4361.34,4370.35,7690,8
2026-09-11 18:30:00,4370.29,4377.14,4368.97,4372.76,6604,8
2026-09-11 18:45:00,4372.76,4373.76,4365.2,4367.1,6125,8
2026-09-11 19:00:00,4367.1,4372.67,4360.95,4361.3,5894,8
2026-09-11 19:15:00,4361.3,4363.97,4351.93,4354.9,6698,8
2026-09-11 19:30:00,4354.86,4365.85,4353.26,4363.49,5918,8
2026-09-11 19:45:00,4363.49,4365.07,4360.22,4361.7,4649,8
2026-09-11 20:00:00,4361.7,4369.14,4360.74,4365.6,4576,8
2026-09-11 20:15:00,4365.6,4369.77,4363.44,4366.86,4981,8
2026-09-11 20:30:00,4366.86,4370.46,4359.92,4362.06,4227,8
2026-09-11 20:45:00,4361.64,4363.76,4357.82,4358.2,4567,8
2026-09-11 21:00:00,4358.24,4360.12,4345.86,4346.8,4234,8
2026-09-11 21:15:00,4346.85,4353.02,4343.99,4350.55,6234,8
2026-09-11 21:30:00,4350.55,4351.47,4345.65,4347.01,3834,8
2026-09-11 21:45:00,4347.05,4347.4,4344.23,4346.95,3231,8
2026-09-11 22:00:00,4346.98,4351.91,4344.34,4351.86,3689,8
2026-09-11 22:15:00,4351.97,4353.76,4347.35,4347.46,3038,8
2026-09-11 22:30:00,4347.46,4348.45,4345.15,4346.19,3400,8
2026-09-11 22:45:00,4346.15,4349.44,4342.64,4348.46,3743,8
2026-09-14 01:00:00,4328.26,4342.37,4305.91,4330.66,3101,10
2026-09-14 01:15:00,4331.28,4336.28,4328.24,4335.87,1857,8
2026-09-14 01:30:00,4335.8,4338.03,4333.61,4337.13,1171,8
2026-09-14 01:45:00,4337.14,4339.98,4335.13,4337.83,699,11
2026-09-14 02:00:00,4337.83,4342.39,4337.83,4339.43,486,16
2026-09-14 02:15:00,4339.32,4340.34,4335.63,4339.24,764,10
2026-09-14 02:30:00,4339.24,4341.98,4337.76,4337.82,985,11
2026-09-14 02:45:00,4337.72,4338.08,4331.72,4332.69,2411,16
2026-09-14 03:00:00,4332.68,4347.44,4329.78,4342.57,4525,8
2026-09-14 03:15:00,4342.5,4345.03,4333.0,4337.82,3847,11
2026-09-14 03:30:00,4337.8,4340.56,4331.97,4338.06,4086,10
2026-09-14 03:45:00,4338.11,4343.36,4337.12,4338.49,3263,14
2026-09-14 04:00:00,4338.49,4344.56,4329.43,4331.44,7728,9
2026-09-14 04:15:00,4331.4,4337.89,4326.08,4335.46,5665,17
2026-09-14 04:30:00,4335.5,4346.67,4328.22,4342.32,4711,9
2026-09-14 04:45:00,4342.32,4355.18,4342.31,4353.19,3702,11
2026-09-14 05:00:00,4353.01,4354.87,4348.32,4349.21,3656,14
2026-09-14 05:15:00,4349.19,4353.98,4348.09,4352.04,1699,11
2026-09-14 05:30:00,4352.19,4355.27,4342.99,4345.58,3670,16
2026-09-14 05:45:00,4345.52,4348.0,4330.22,4330.8,2583,13
2026-09-14 06:00:00,4330.8,4336.1,4327.41,4333.31,1944,9
2026-09-14 06:15:00,4333.31,4336.36,4331.89,4334.83,1213,13
2026-09-14 06:30:00,4334.83,4335.19,4327.06,4329.09,1560,11
2026-09-14 06:45:00,4329.09,4333.58,4328.52,4330.29,1565,9
2026-09-14 07:00:00,4330.29,4331.6,4328.99,4329.09,1721,18
2026-09-14 07:15:00,4329.09,4331.63,4328.72,4331.39,1526,14
2026-09-14 07:30:00,4331.46,4331.61,4323.33,4323.38,1580,10
2026-09-14 07:45:00,4323.38,4331.64,4321.87,4329.41,1511,11
2026-09-14 08:00:00,4329.42,4332.55,4326.46,4330.69,2533,18
2026-09-14 08:15:00,4330.78,4332.11,4326.25,4326.42,1975,16
2026-09-14 08:30:00,4326.42,4337.08,4325.2,4330.81,3382,9
2026-09-14 08:45:00,4330.81,4337.39,4323.22,4337.36,3386,9
2026-09-14 09:00:00,4337.35,4338.74,4326.9,4329.93,4416,8
2026-09-14 09:15:00,4329.93,4332.51,4326.85,4330.07,3449,8
2026-09-14 09:30:00,4330.07,4332.35,4325.05,4327.28,2928,8
2026-09-14 09:45:00,4327.28,4329.64,4320.6,4322.13,3213,8
2026-09-14 10:00:00,4322.14,4324.22,4317.44,4323.89,3643,8
2026-09-14 10:15:00,4323.98,4324.2,4316.23,4316.8,1924,8
2026-09-14 10:30:00,4316.81,4319.64,4315.56,4319.16,2054,8
2026-09-14 10:45:00,4319.29,4321.98,4307.85,4310.83,4010,8
2026-09-14 11:00:00,4310.87,4318.26,4310.68,4313.28,4572,8
2026-09-14 11:15:00,4313.2,4314.37,4310.14,4310.6,3726,8
2026-09-14 11:30:00,4310.6,4316.16,4309.54,4311.8,4173,8
2026-09-14 11:45:00,4311.79,4313.33,4303.23,4306.55,3604,8
2026-09-14 12:00:00,4306.56,4311.67,4305.0,4305.8,2879,11
2026-09-14 12:15:00,4305.8,4306.03,4280.41,4287.88,4072,9
2026-09-14 12:30:00,4287.74,4289.6,4279.12,4281.4,5464,8
2026-09-14 12:45:00,4281.4,4288.35,4278.13,4285.46,4774,8
2026-09-14 13:00:00,4285.48,4289.48,4278.14,4288.36,4736,9
2026-09-14 13:15:00,4288.36,4292.64,4285.82,4291.17,3575,8
2026-09-14 13:30:00,4291.23,4294.96,4289.21,4293.86,2685,8
2026-09-14 13:45:00,4293.88,4296.57,4290.02,4294.62,3001,8
2026-09-14 14:00:00,4294.69,4296.89,4291.13,4292.23,4243,8
2026-09-14 14:15:00,4292.23,4296.89,4291.04,4296.1,2856,8
2026-09-14 14:30:00,4296.1,4296.8,4292.06,4292.26,3553,8
2026-09-14 14:45:00,4292.26,4293.84,4284.14,4286.99,3678,8
2026-09-14 15:00:00,4286.99,4296.68,4285.0,4294.59,3943,8
2026-09-14 15:15:00,4294.59,4297.7,4283.19,4285.83,6349,8
2026-09-14 15:30:00,4285.84,4289.54,4273.42,4283.65,8174,8
2026-09-14 15:45:00,4283.4,4283.47,4265.76,4270.96,6013,9
2026-09-14 16:00:00,4271.0,4272.66,4253.48,4266.3,8622,8
2026-09-14 16:15:00,4266.28,4277.8,4263.82,4273.35,5893,8
2026-09-14 16:30:00,4273.5,4278.44,4266.73,4274.81,9481,8
2026-09-14 16:45:00,4274.86,4281.18,4269.68,4272.5,9193,8
2026-09-14 17:00:00,4272.56,4281.95,4264.93,4281.54,8933,8
2026-09-14 17:15:00,4281.64,4282.97,4263.92,4270.03,7692,8
2026-09-14 17:30:00,4270.05,4277.12,4266.09,4276.8,6955,8
2026-09-14 17:45:00,4276.8,4279.49,4273.92,4279.49,6917,8
2026-09-14 18:00:00,4279.46,4286.6,4272.53,4276.91,8672,8
2026-09-14 18:15:00,4276.66,4284.81,4272.55,4283.56,6585,8
2026-09-14 18:30:00,4283.54,4298.32,4282.71,4294.16,8970,8
2026-09-14 18:45:00,4294.21,4295.01,4286.28,4288.23,6168,8
2026-09-14 19:00:00,4288.26,4297.64,4286.24,4294.38,5296,8
2026-09-14 19:15:00,4294.46,4305.41,4294.44,4300.03,5700,8
2026-09-14 19:30:00,4300.01,4307.97,4299.44,4306.03,5936,8
2026-09-14 19:45:00,4306.03,4317.79,4304.71,4315.76,8052,8
2026-09-14 20:00:00,4315.8,4316.49,4311.04,4311.04,6069,8
2026-09-14 20:15:00,4310.98,4314.09,4309.11,4311.77,5600,8
2026-09-14 20:30:00,4311.76,4313.65,4307.75,4309.92,5053,8
2026-09-14 20:45:00,4309.56,4313.84,4308.58,4311.05,4946,8
2026-09-14 21:00:00,4311.08,4315.83,4308.21,4312.57,5374,8
2026-09-14 21:15:00,4312.63,4312.67,4306.27,4309.73,4797,8
2026-09-14 21:30:00,4309.72,4313.26,4308.52,4309.34,5031,8
2026-09-14 21:45:00,4309.33,4309.75,4304.6,4307.39,3794,8
2026-09-14 22:00:00,4307.4,4307.91,4302.8,4305.99,3248,8
2026-09-14 22:15:00,4305.97,4305.97,4295.8,4296.33,3559,8
2026-09-14 22:30:00,4296.3,4297.37,4290.45,4291.78,3920,8
2026-09-14 22:45:00,4291.8,4291.88,4282.75,4283.53,4873,8
2026-09-15 01:00:00,4294.14,4301.27,4284.04,4296.83,1277,13
2026-09-15 01:15:00,4296.78,4298.4,4292.61,4295.52,1150,9
2026-09-15 01:30:00,4295.52,4298.43,4293.48,4295.44,1253,8
2026-09-15 01:45:00,4295.45,4298.31,4292.94,4295.29,991,13
2026-09-15 02:00:00,4295.3,4297.38,4290.82,4292.05,1264,8
2026-09-15 02:15:00,4292.1,4292.29,4286.82,4289.99,1210,12
2026-09-15 02:30:00,4289.99,4291.65,4287.77,4289.34,978,8
2026-09-15 02:45:00,4289.41,4289.51,4287.14,4288.2,1147,13
2026-09-15 03:00:00,4288.2,4289.08,4283.58,4286.77,5438,8
2026-09-15 03:15:00,4286.79,4289.69,4283.61,4288.11,3819,8
2026-09-15 03:30:00,4288.12,4293.06,4283.08,4292.5,2385,8
2026-09-15 03:45:00,4292.5,4296.65,4291.75,4292.91,5014,9
2026-09-15 04:00:00,4292.87,4299.87,4287.89,4299.63,6664,8
2026-09-15 04:15:00,4299.53,4305.83,4299.01,4301.88,4429,8
2026-09-15 04:30:00,4301.88,4306.61,4295.17,4298.69,3639,8
2026-09-15 04:45:00,4298.69,4305.0,4294.13,4304.47,2886,8
2026-09-15 05:00:00,4304.86,4311.74,4304.51,4307.31,3824,8
2026-09-15 05:15:00,4307.29,4310.14,4305.38,4310.12,2607,8
2026-09-15 05:30:00,4310.18,4317.33,4307.16,4311.36,3293,8
2026-09-15 05:45:00,4311.26,4317.32,4311.05,4314.12,2774,8
2026-09-15 06:00:00,4314.12,4314.51,4309.83,4310.89,3440,8
2026-09-15 06:15:00,4310.89,4314.36,4309.73,4310.71,2293,8
2026-09-15 06:30:00,4310.62,4313.47,4308.0,4308.5,2207,8
2026-09-15 06:45:00,4308.5,4310.05,4303.17,4303.43,1692,8
2026-09-15 07:00:00,4303.26,4309.66,4302.37,4307.15,2638,8
2026-09-15 07:15:00,4307.22,4308.52,4302.61,4303.47,2224,10
2026-09-15 07:30:00,4303.47,4306.17,4300.56,4304.89,2290,8
2026-09-15 07:45:00,4304.75,4307.84,4304.05,4304.66,2384,10
2026-09-15 08:00:00,4304.66,4307.47,4300.42,4301.6,2622,9
2026-09-15 08:15:00,4301.64,4301.92,4296.35,4297.24,3371,10
2026-09-15 08:30:00,4297.16,4300.16,4289.06,4296.15,4509,8
2026-09-15 08:45:00,4296.21,4299.77,4290.71,4290.97,4010,8
2026-09-15 09:00:00,4290.97,4294.2,4286.01,4289.79,4616,8
2026-09-15 09:15:00,4289.75,4292.29,4287.15,4289.45,4278,10
2026-09-15 09:30:00,4289.46,4291.25,4285.91,4290.79,3969,8
2026-09-15 09:45:00,4290.79,4295.31,4290.43,4293.41,3698,8
2026-09-15 10:00:00,4293.3,4295.38,4286.65,4288.13,4736,8
2026-09-15 10:15:00,4288.08,4292.33,4287.64,4292.08,4103,8
2026-09-15 10:30:00,4292.07,4292.97,4280.62,4283.88,4604,8
2026-09-15 10:45:00,4283.84,4290.0,4276.18,4280.6,5980,8
2026-09-15 11:00:00,4280.6,4280.74,4263.62,4267.93,6355,8
2026-09-15 11:15:00,4267.7,4275.38,4266.87,4273.18,4805,8
2026-09-15 11:30:00,4273.21,4274.89,4267.03,4267.51,4234,8
2026-09-15 11:45:00,4267.54,4269.62,4261.21,4262.42,4632,8
2026-09-15 12:00:00,4262.4,4267.14,4261.36,4265.67,4693,9
2026-09-15 12:15:00,4265.62,4269.55,4261.63,4266.95,5199,8
2026-09-15 12:30:00,4266.86,4272.17,4264.89,4269.45,3932,8
2026-09-15 12:45:00,4269.48,4271.99,4267.86,4268.26,3662,8
2026-09-15 13:00:00,4268.32,4277.81,4268.26,4273.1,4150,8
2026-09-15 13:15:00,4273.03,4274.7,4269.89,4274.41,3557,8
2026-09-15 13:30:00,4274.44,4277.36,4273.64,4274.87,4311,10
2026-09-15 13:45:00,4274.77,4283.86,4274.58,4281.47,3709,8
2026-09-15 14:00:00,4281.41,4283.9,4278.66,4283.67,3681,8
2026-09-15 14:15:00,4283.69,4285.54,4282.45,4283.39,3538,8
2026-09-15 14:30:00,4283.26,4285.04,4280.19,4282.81,4707,8
2026-09-15 14:45:00,4282.83,4286.74,4282.36,4284.61,3909,8
2026-09-15 15:00:00,4284.67,4284.96,4275.78,4278.44,4378,8
2026-09-15 15:15:00,4278.38,4279.16,4271.32,4277.63,4874,8
2026-09-15 15:30:00,4277.63,4286.06,4274.64,4281.17,5333,8
2026-09-15 15:45:00,4281.22,4295.82,4280.94,4290.24,8333,8
2026-09-15 16:00:00,4290.22,4294.42,4283.84,4286.76,6970,9
2026-09-15 16:15:00,4286.78,4293.14,4283.57,4287.32,6369,8
2026-09-15 16:30:00,4287.33,4294.09,4284.03,4289.66,10090,8
2026-09-15 16:45:00,4289.68,4298.29,4288.2,4294.74,8569,8
2026-09-15 17:00:00,4294.75,4300.46,4293.38,4294.52,8720,8
2026-09-15 17:15:00,4294.58,4295.57,4282.78,4284.09,7680,8
2026-09-15 17:30:00,4284.1,4286.05,4275.55,4278.11,8515,8
2026-09-15 17:45:00,4278.08,4282.97,4273.69,4277.06,7228,9
2026-09-15 18:00:00,4276.81,4286.17,4276.53,4285.29,7101,8
2026-09-15 18:15:00,4285.3,4287.52,4282.27,4283.93,5357,8
2026-09-15 18:30:00,4283.98,4290.37,4281.48,4287.67,5796,8
2026-09-15 18:45:00,4287.71,4294.69,4284.97,4289.32,6554,8
2026-09-15 19:00:00,4289.3,4291.59,4286.18,4286.34,6479,8
2026-09-15 19:15:00,4286.34,4297.09,4285.51,4295.5,5811,8
2026-09-15 19:30:00,4295.56,4297.74,4291.42,4296.58,5837,8
2026-09-15 19:45:00,4296.63,4298.34,4294.99,4295.55,4558,10
2026-09-15 20:00:00,4295.53,4299.14,4290.27,4295.02,4670,9
2026-09-15 20:15:00,4295.02,4296.59,4291.47,4293.12,4852,8
2026-09-15 20:30:00,4293.13,4299.0,4292.23,4293.27,4082,8
2026-09-15 20:45:00,4293.24,4296.21,4293.16,4294.94,4145,8
2026-09-15 21:00:00,4294.96,4304.2,4292.9,4302.35,5324,8
2026-09-15 21:15:00,4302.46,4306.86,4302.05,4304.9,6351,8
2026-09-15 21:30:00,4304.78,4308.31,4301.62,4304.78,4374,8
2026-09-15 21:45:00,4304.77,4310.37,4304.33,4308.6,5114,8
2026-09-15 22:00:00,4308.63,4310.64,4300.22,4300.27,5146,8
2026-09-15 22:15:00,4300.26,4302.26,4298.21,4301.15,5216,8
2026-09-15 22:30:00,4301.13,4302.46,4296.74,4296.78,3441,8
2026-09-15 22:45:00,4296.81,4299.78,4294.21,4297.81,4549,8
2026-09-16 01:00:00,4270.1,4295.87,4269.99,4292.69,824,13
2026-09-16 01:15:00,4292.78,4298.91,4291.44,4298.49,1201,13
2026-09-16 01:30:00,4298.57,4299.05,4294.25,4294.46,820,15
2026-09-16 01:45:00,4294.46,4295.19,4288.62,4288.85,832,14
2026-09-16 02:00:00,4288.76,4289.33,4284.7,4286.03,1104,17
2026-09-16 02:15:00,4286.08,4287.18,4281.9,4284.34,736,14
2026-09-16 02:30:00,4284.34,4287.53,4282.35,4284.49,1098,13
2026-09-16 02:45:00,4284.56,4286.11,4281.01,4283.38,1202,12
2026-09-16 03:00:00,4283.46,4284.62,4280.41,4282.49,2588,8
2026-09-16 03:15:00,4282.51,4286.1,4281.62,4283.96,2642,12
2026-09-16 03:30:00,4283.97,4285.7,4279.72,4283.57,2305,8
2026-09-16 03:45:00,4283.48,4285.04,4275.37,4277.22,2899,12
2026-09-16 04:00:00,4277.22,4287.76,4276.56,4287.14,5181,11
2026-09-16 04:15:00,4287.14,4293.51,4284.46,4290.47,2859,8
2026-09-16 04:30:00,4290.3,4291.41,4285.67,4288.46,3203,8
2026-09-16 04:45:00,4288.41,4289.1,4279.89,4282.39,2931,11
2026-09-16 05:00:00,4282.39,4294.86,4281.83,4292.07,2779,11
2026-09-16 05:15:00,4292.07,4300.66,4289.83,4298.84,3110,8
2026-09-16 05:30:00,4298.84,4315.87,4298.48,4310.9,5626,9
2026-09-16 05:45:00,4310.91,4323.26,4310.59,4321.61,4537,8
2026-09-16 06:00:00,4321.51,4338.68,4321.36,4336.96,4657,8
2026-09-16 06:15:00,4336.96,4340.88,4331.74,4331.82,4669,8
2026-09-16 06:30:00,4331.8,4332.38,4325.81,4326.95,3719,8
2026-09-16 06:45:00,4326.95,4327.78,4322.71,4326.91,2862,10
2026-09-16 07:00:00,4326.87,4328.38,4325.34,4326.67,1812,8
2026-09-16 07:15:00,4326.67,4328.43,4323.22,4325.58,1678,14
2026-09-16 07:30:00,4325.56,4328.2,4322.71,4322.83,1805,14
2026-09-16 07:45:00,4322.87,4323.34,4320.45,4321.81,1487,11
2026-09-16 08:00:00,4321.72,4324.36,4320.65,4321.48,2646,8
2026-09-16 08:15:00,4321.48,4326.82,4321.47,4324.77,2008,9
2026-09-16 08:30:00,4324.77,4332.87,4324.31,4332.71,4136,8
2026-09-16 08:45:00,4332.71,4333.62,4326.4,4326.42,3577,8
2026-09-16 09:00:00,4326.42,4332.17,4321.41,4325.74,4584,9
2026-09-16 09:15:00,4325.71,4330.15,4324.73,4326.78,3534,12
2026-09-16 09:30:00,4326.8,4328.22,4323.69,4327.97,2745,8
2026-09-16 09:45:00,4328.0,4333.12,4325.26,4332.9,3446,8
2026-09-16 10:00:00,4332.9,4335.86,4329.95,4335.41,4657,8
2026-09-16 10:15:00,4335.44,4337.51,4332.09,4335.6,2748,8
2026-09-16 10:30:00,4335.52,4337.14,4334.85,4335.39,749,9
