bot,side,entry_time,time,pnl,reason
orb,SELL,2021-09-22 15:00:00,2021-09-22 15:05:00,-3.28,sl
orb,SELL,2021-09-23 10:15:00,2021-09-23 10:15:00,-2.54,sl
orb,BUY,2021-09-23 11:30:00,2021-09-23 11:40:00,-2.74,sl
orb,SELL,2021-09-27 13:00:00,2021-09-27 13:15:00,0.1,sl
orb,SELL,2021-09-28 09:15:00,2021-09-28 09:25:00,7.13,tp
orb,BUY,2021-09-29 10:05:00,2021-09-29 10:05:00,-2.78,sl
orb,SELL,2021-09-29 17:10:00,2021-09-29 17:20:00,7.79,tp
orb,SELL,2021-09-30 10:15:00,2021-09-30 10:20:00,-4.66,sl
orb,BUY,2021-09-30 16:00:00,2021-09-30 16:45:00,0.05,sl
orb,BUY,2021-10-01 10:05:00,2021-10-01 10:15:00,-4.73,sl
orb,SELL,2021-10-01 15:15:00,2021-10-01 15:20:00,-3.02,sl
orb,BUY,2021-10-04 17:40:00,2021-10-05 06:05:00,-5.18,sl
orb,SELL,2021-10-05 13:35:00,2021-10-05 14:05:00,0.1,sl
orb,BUY,2021-10-06 15:45:00,2021-10-06 16:20:00,-4.1,sl
orb,SELL,2021-10-07 15:45:00,2021-10-07 16:30:00,0.05,sl
orb,BUY,2021-10-08 14:00:00,2021-10-08 14:20:00,6.08,tp
orb,SELL,2021-10-11 16:00:00,2021-10-11 16:00:00,-2.71,sl
orb,BUY,2021-10-12 13:55:00,2021-10-12 14:30:00,0.1,sl
orb,BUY,2021-10-14 09:45:00,2021-10-14 09:50:00,-4.5,sl
orb,SELL,2021-10-15 08:10:00,2021-10-15 08:30:00,6.58,tp
orb,SELL,2021-10-18 09:10:00,2021-10-18 09:30:00,-4.59,sl
orb,BUY,2021-10-19 15:20:00,2021-10-19 15:20:00,-3.08,sl
orb,SELL,2021-10-21 10:05:00,2021-10-21 11:15:00,-2.53,sl
orb,BUY,2021-10-22 14:25:00,2021-10-22 14:35:00,-3.29,sl
orb,BUY,2021-10-25 11:25:00,2021-10-25 12:30:00,-2.56,sl
orb,SELL,2021-10-26 15:30:00,2021-10-26 16:00:00,-3.53,sl
orb,BUY,2021-10-27 15:15:00,2021-10-27 15:30:00,-2.7,sl
orb,BUY,2021-10-28 09:35:00,2021-10-28 09:40:00,-3.95,sl
orb,SELL,2021-10-28 17:40:00,2021-10-28 17:50:00,-6.42,sl
orb,SELL,2021-10-29 15:10:00,2021-10-29 15:20:00,0.05,sl
orb,BUY,2021-11-01 08:05:00,2021-11-01 08:10:00,-2.96,sl
orb,SELL,2021-11-02 13:50:00,2021-11-02 14:10:00,-2.39,sl
orb,SELL,2021-11-03 08:20:00,2021-11-03 08:25:00,-3.75,sl
orb,SELL,2021-11-04 08:05:00,2021-11-04 08:25:00,0.1,sl
orb,BUY,2021-11-04 12:35:00,2021-11-04 13:40:00,3.89,tp
orb,SELL,2021-11-05 14:35:00,2021-11-05 14:35:00,-4.84,sl
orb,BUY,2021-11-05 15:30:00,2021-11-05 18:25:00,11.31,tp
orb,BUY,2021-11-08 08:00:00,2021-11-08 08:20:00,-2.98,sl
orb,SELL,2021-11-08 11:00:00,2021-11-08 11:15:00,-2.22,sl
orb,SELL,2021-11-09 09:40:00,2021-11-09 10:10:00,-4.17,sl
orb,BUY,2021-11-09 13:45:00,2021-11-09 13:55:00,-2.26,sl
orb,SELL,2021-11-10 13:25:00,2021-11-10 13:30:00,-3.37,sl
orb,BUY,2021-11-10 15:35:00,2021-11-10 15:40:00,10.12,tp
orb,SELL,2021-11-12 10:20:00,2021-11-12 10:30:00,-2.69,sl
orb,BUY,2021-11-12 17:10:00,2021-11-12 17:30:00,0.05,sl
orb,SELL,2021-11-15 09:20:00,2021-11-15 09:30:00,-3.32,sl
orb,BUY,2021-11-15 15:15:00,2021-11-15 15:20:00,-2.75,sl
orb,BUY,2021-11-16 10:55:00,2021-11-16 14:45:00,0.05,sl
orb,SELL,2021-11-16 16:10:00,2021-11-16 17:15:00,0.05,sl
orb,BUY,2021-11-17 08:55:00,2021-11-17 09:00:00,-3.58,sl
orb,SELL,2021-11-18 08:45:00,2021-11-18 08:50:00,-3.63,sl
orb,BUY,2021-11-19 16:10:00,2021-11-19 16:10:00,-4.16,sl
orb,BUY,2021-11-22 06:15:00,2021-11-22 06:45:00,-2.94,sl
orb,SELL,2021-11-22 08:55:00,2021-11-22 09:10:00,-3.78,sl
orb,SELL,2021-11-23 08:15:00,2021-11-23 09:05:00,0.1,sl
orb,BUY,2021-11-24 09:15:00,2021-11-24 09:30:00,-4.07,sl
orb,SELL,2021-11-24 12:20:00,2021-11-24 13:15:00,0.05,sl
orb,BUY,2021-11-25 10:20:00,2021-11-25 11:05:00,-2.77,sl
orb,BUY,2021-11-26 08:30:00,2021-11-26 08:40:00,5.49,tp
orb,BUY,2021-11-29 05:25:00,2021-11-29 05:40:00,-2.34,sl
orb,BUY,2021-11-30 11:30:00,2021-11-30 13:50:00,-3.09,sl
orb,SELL,2021-12-02 05:40:00,2021-12-02 07:00:00,5.79,tp
orb,SELL,2021-12-03 11:10:00,2021-12-03 12:05:00,-2.26,sl
orb,BUY,2021-12-03 15:35:00,2021-12-03 17:00:00,0.05,sl
orb,SELL,2021-12-06 10:20:00,2021-12-06 12:00:00,0.05,sl
orb,BUY,2021-12-07 14:05:00,2021-12-07 14:15:00,-3.76,sl
orb,SELL,2021-12-07 15:35:00,2021-12-07 16:10:00,0.05,sl
orb,BUY,2021-12-08 12:40:00,2021-12-08 13:15:00,-2.09,sl
orb,SELL,2021-12-08 13:50:00,2021-12-08 16:05:00,5.38,tp
orb,SELL,2021-12-10 08:10:00,2021-12-10 08:20:00,5.75,tp
orb,BUY,2021-12-10 15:35:00,2021-12-10 15:40:00,-3.95,sl
orb,BUY,2021-12-13 13:45:00,2021-12-13 14:50:00,5.36,tp
orb,SELL,2021-12-13 16:00:00,2021-12-13 16:15:00,-2.66,sl
orb,SELL,2021-12-14 09:50:00,2021-12-14 10:25:00,4.86,tp
orb,SELL,2021-12-15 16:35:00,2021-12-15 16:50:00,-3.32,sl
orb,BUY,2021-12-16 08:20:00,2021-12-16 09:05:00,0.09,gap
orb,BUY,2021-12-21 15:00:00,2021-12-21 15:40:00,-3.47,sl
orb,SELL,2021-12-21 17:40:00,2021-12-21 18:55:00,0.05,sl
orb,SELL,2021-12-22 07:00:00,2021-12-22 07:40:00,0.2,sl
orb,BUY,2021-12-22 12:40:00,2021-12-22 12:55:00,-2.99,sl
orb,BUY,2021-12-23 15:35:00,2021-12-23 15:40:00,-4.0,sl
orb,SELL,2021-12-23 16:35:00,2021-12-23 16:45:00,0.05,sl
orb,SELL,2021-12-27 10:45:00,2021-12-27 12:05:00,-2.69,sl
orb,BUY,2021-12-27 17:20:00,2021-12-27 19:05:00,-2.66,sl
orb,BUY,2021-12-28 07:45:00,2021-12-28 08:40:00,5.36,tp
orb,SELL,2021-12-29 10:05:00,2021-12-29 12:15:00,5.65,tp
orb,SELL,2021-12-30 06:25:00,2021-12-30 07:25:00,5.88,tp
orb,BUY,2021-12-30 16:35:00,2021-12-30 18:25:00,5.49,tp
orb,BUY,2021-12-31 07:45:00,2021-12-31 08:35:00,-4.03,sl
orb,SELL,2022-01-03 15:05:00,2022-01-03 15:10:00,3.73,tp
orb,BUY,2022-01-04 09:35:00,2022-01-04 09:45:00,-3.45,sl
orb,SELL,2022-01-04 11:05:00,2022-01-04 11:10:00,-2.32,sl
orb,SELL,2022-01-06 15:00:00,2022-01-06 15:35:00,0.05,sl
orb,BUY,2022-01-07 15:35:00,2022-01-07 15:35:00,-4.66,sl
orb,SELL,2022-01-07 15:40:00,2022-01-07 15:40:00,-5.42,sl
orb,SELL,2022-01-12 09:35:00,2022-01-12 10:10:00,0.1,sl
orb,BUY,2022-01-12 15:45:00,2022-01-12 16:00:00,-3.38,sl
orb,SELL,2022-01-13 16:50:00,2022-01-13 18:00:00,5.99,tp
orb,SELL,2022-01-14 16:35:00,2022-01-14 16:55:00,-3.7,sl
orb,SELL,2022-01-18 09:15:00,2022-01-18 09:35:00,-2.29,sl
orb,BUY,2022-01-19 09:15:00,2022-01-19 09:40:00,-3.46,sl
orb,SELL,2022-01-20 11:50:00,2022-01-20 14:30:00,0.1,sl
orb,BUY,2022-01-20 15:35:00,2022-01-20 15:40:00,-3.1,sl
orb,BUY,2022-01-21 16:15:00,2022-01-21 17:00:00,-2.96,sl
orb,SELL,2022-01-24 17:05:00,2022-01-24 19:05:00,-4.64,sl
orb,SELL,2022-01-25 10:40:00,2022-01-25 12:30:00,3.8,tp
orb,BUY,2022-01-25 16:50:00,2022-01-25 17:00:00,-4.19,sl
orb,SELL,2022-01-26 08:55:00,2022-01-26 09:50:00,6.35,tp
orb,SELL,2022-01-27 07:40:00,2022-01-27 09:00:00,0.1,sl
orb,SELL,2022-01-28 10:05:00,2022-01-28 11:15:00,3.63,tp
orb,BUY,2022-01-31 10:30:00,2022-01-31 11:55:00,-2.39,sl
orb,SELL,2022-02-03 07:35:00,2022-02-03 07:55:00,-3.53,sl
orb,BUY,2022-02-07 15:10:00,2022-02-07 15:30:00,0.1,sl
orb,BUY,2022-02-08 15:55:00,2022-02-08 16:15:00,-2.37,sl
orb,BUY,2022-02-09 15:05:00,2022-02-09 15:10:00,-2.07,sl
orb,SELL,2022-02-09 16:05:00,2022-02-09 16:40:00,-2.99,sl
orb,BUY,2022-02-10 08:05:00,2022-02-10 08:25:00,-3.19,sl
orb,SELL,2022-02-10 10:30:00,2022-02-10 12:05:00,-3.24,sl
orb,BUY,2022-02-11 14:15:00,2022-02-11 14:35:00,3.27,tp
orb,BUY,2022-02-14 15:50:00,2022-02-14 17:35:00,7.35,tp
orb,BUY,2022-02-16 07:55:00,2022-02-16 08:00:00,-3.6,sl
orb,BUY,2022-02-17 15:35:00,2022-02-17 16:00:00,-3.59,sl
orb,SELL,2022-02-18 12:35:00,2022-02-18 13:45:00,-2.72,sl
orb,SELL,2022-02-21 06:40:00,2022-02-21 09:30:00,0.05,sl
orb,SELL,2022-02-22 10:30:00,2022-02-22 10:55:00,6.86,tp
orb,SELL,2022-02-23 06:55:00,2022-02-23 07:20:00,6.2,tp
orb,BUY,2022-02-23 15:25:00,2022-02-23 15:40:00,-3.17,sl
orb,BUY,2022-02-24 11:40:00,2022-02-24 12:10:00,9.05,tp
orb,SELL,2022-02-25 13:30:00,2022-02-25 13:40:00,7.98,tp
orb,SELL,2022-02-28 09:25:00,2022-02-28 09:25:00,7.36,tp
orb,BUY,2022-03-01 08:55:00,2022-03-01 09:05:00,-3.59,sl
orb,BUY,2022-03-02 09:50:00,2022-03-02 10:00:00,-4.44,sl
orb,SELL,2022-03-02 12:30:00,2022-03-02 13:00:00,-7.44,sl
orb,BUY,2022-03-04 16:30:00,2022-03-04 16:55:00,0.05,sl
orb,SELL,2022-03-07 08:10:00,2022-03-07 08:30:00,-4.62,sl
orb,BUY,2022-03-07 11:50:00,2022-03-07 13:30:00,-4.86,sl
orb,BUY,2022-03-08 08:35:00,2022-03-08 08:55:00,9.4,tp
orb,SELL,2022-03-09 11:05:00,2022-03-09 11:35:00,11.45,tp
orb,BUY,2022-03-10 12:15:00,2022-03-10 14:40:00,13.51,tp
orb,SELL,2022-03-11 06:45:00,2022-03-11 07:20:00,0.05,sl
orb,SELL,2022-03-14 10:10:00,2022-03-14 11:15:00,6.85,tp
orb,SELL,2022-03-15 13:00:00,2022-03-15 13:40:00,-5.11,sl
orb,BUY,2022-03-16 13:45:00,2022-03-16 14:10:00,-3.84,sl
orb,SELL,2022-03-16 16:15:00,2022-03-16 20:05:00,-1.92,gap
orb,BUY,2022-03-17 10:25:00,2022-03-17 11:10:00,-0.85,gap
orb,SELL,2022-03-18 15:25:00,2022-03-18 15:30:00,-6.6,sl
orb,BUY,2022-03-21 12:20:00,2022-03-21 12:30:00,-3.11,sl
orb,SELL,2022-03-21 15:30:00,2022-03-21 15:35:00,-3.86,sl
orb,SELL,2022-03-22 15:35:00,2022-03-22 16:05:00,8.01,tp
orb,BUY,2022-03-23 10:45:00,2022-03-23 11:30:00,4.51,tp
orb,BUY,2022-03-24 13:45:00,2022-03-24 14:20:00,0.05,sl
orb,SELL,2022-03-25 07:30:00,2022-03-25 09:15:00,7.0,tp
orb,BUY,2022-03-30 15:20:00,2022-03-30 15:35:00,-4.3,sl
orb,BUY,2022-03-31 15:30:00,2022-03-31 16:30:00,6.37,tp
orb,SELL,2022-04-01 13:55:00,2022-04-01 14:40:00,5.08,tp
orb,BUY,2022-04-04 15:10:00,2022-04-04 15:35:00,0.05,sl
orb,SELL,2022-04-05 11:00:00,2022-04-05 11:45:00,-2.56,sl
orb,BUY,2022-04-05 15:50:00,2022-04-05 16:30:00,6.32,tp
orb,SELL,2022-04-06 10:15:00,2022-04-06 10:30:00,-3.21,sl
orb,BUY,2022-04-06 11:45:00,2022-04-06 12:10:00,5.65,tp
orb,BUY,2022-04-08 15:10:00,2022-04-08 15:20:00,0.01,gap
orb,BUY,2022-04-12 15:15:00,2022-04-12 15:25:00,-2.99,sl
orb,SELL,2022-04-14 16:55:00,2022-04-14 17:40:00,-6.14,sl
orb,BUY,2022-04-18 09:25:00,2022-04-18 10:45:00,4.31,tp
orb,SELL,2022-04-19 07:50:00,2022-04-19 08:50:00,0.1,sl
orb,BUY,2022-04-19 10:30:00,2022-04-19 12:00:00,-2.83,sl
orb,BUY,2022-04-20 13:10:00,2022-04-20 15:15:00,-3.09,sl
orb,SELL,2022-04-25 13:40:00,2022-04-25 14:05:00,6.34,tp
orb,SELL,2022-04-27 11:05:00,2022-04-27 11:10:00,6.51,tp
orb,BUY,2022-04-29 07:55:00,2022-04-29 08:40:00,0.1,sl
orb,SELL,2022-05-03 07:55:00,2022-05-03 09:00:00,-4.1,sl
orb,BUY,2022-05-03 16:35:00,2022-05-03 17:05:00,0.05,sl
orb,SELL,2022-05-04 09:10:00,2022-05-04 09:15:00,-3.82,sl
orb,BUY,2022-05-04 10:10:00,2022-05-04 11:40:00,0.05,sl
orb,BUY,2022-05-05 15:35:00,2022-05-05 16:00:00,0.05,sl
orb,BUY,2022-05-06 11:35:00,2022-05-06 12:30:00,5.49,tp
orb,SELL,2022-05-10 17:50:00,2022-05-10 19:35:00,0.05,sl
orb,BUY,2022-05-11 09:20:00,2022-05-11 09:30:00,4.18,tp
orb,SELL,2022-05-12 14:40:00,2022-05-12 16:20:00,-4.43,sl
orb,SELL,2022-05-13 15:30:00,2022-05-13 16:05:00,6.43,tp
orb,BUY,2022-05-17 13:25:00,2022-05-17 14:00:00,-2.89,sl
orb,SELL,2022-05-17 17:10:00,2022-05-17 23:25:00,8.65,tp
orb,BUY,2022-05-18 12:35:00,2022-05-18 13:50:00,-2.81,sl
orb,SELL,2022-05-18 15:20:00,2022-05-18 15:35:00,-3.84,sl
orb,BUY,2022-05-20 08:35:00,2022-05-20 10:00:00,7.22,tp
orb,SELL,2022-05-20 17:00:00,2022-05-20 17:55:00,-4.25,sl
orb,BUY,2022-05-24 16:00:00,2022-05-24 16:45:00,5.28,tp
orb,SELL,2022-05-26 12:45:00,2022-05-26 13:00:00,-2.52,sl
orb,BUY,2022-05-27 10:20:00,2022-05-27 10:30:00,-2.47,sl
orb,BUY,2022-05-31 11:25:00,2022-05-31 11:45:00,-3.71,sl
orb,SELL,2022-05-31 15:00:00,2022-05-31 15:10:00,-3.47,sl
orb,SELL,2022-06-01 12:00:00,2022-06-01 13:40:00,-2.83,sl
orb,BUY,2022-06-01 15:40:00,2022-06-01 16:00:00,6.5,tp
orb,BUY,2022-06-06 15:15:00,2022-06-06 15:20:00,-2.42,sl
orb,SELL,2022-06-08 15:30:00,2022-06-08 15:35:00,-3.09,sl
orb,BUY,2022-06-08 16:10:00,2022-06-08 18:35:00,5.76,tp
orb,SELL,2022-06-10 12:30:00,2022-06-10 14:35:00,7.35,tp
orb,BUY,2022-06-10 17:35:00,2022-06-10 18:20:00,12.86,tp
orb,SELL,2022-06-13 10:30:00,2022-06-13 11:20:00,4.94,tp
orb,SELL,2022-06-14 17:15:00,2022-06-14 19:35:00,0.05,sl
orb,BUY,2022-06-15 09:05:00,2022-06-15 09:35:00,4.17,tp
orb,SELL,2022-06-16 09:45:00,2022-06-16 10:25:00,0.05,sl
orb,SELL,2022-06-17 17:00:00,2022-06-17 17:35:00,0.05,sl
orb,SELL,2022-06-21 08:35:00,2022-06-21 09:50:00,5.66,tp
orb,BUY,2022-06-21 17:40:00,2022-06-21 17:50:00,-3.95,sl
orb,SELL,2022-06-23 12:35:00,2022-06-23 14:05:00,4.57,tp
orb,BUY,2022-06-23 16:30:00,2022-06-23 16:50:00,5.71,tp
orb,SELL,2022-06-24 16:05:00,2022-06-24 16:10:00,-4.11,sl
orb,BUY,2022-06-27 08:30:00,2022-06-27 08:35:00,-4.14,sl
orb,SELL,2022-06-27 16:35:00,2022-06-27 18:15:00,6.49,tp
orb,SELL,2022-06-29 09:35:00,2022-06-29 10:00:00,-4.41,sl
orb,BUY,2022-06-29 13:40:00,2022-06-29 15:30:00,5.64,tp
orb,SELL,2022-07-04 12:45:00,2022-07-04 14:15:00,-3.95,sl
orb,SELL,2022-07-05 10:25:00,2022-07-05 11:45:00,7.69,tp
orb,SELL,2022-07-06 08:30:00,2022-07-06 08:45:00,0.1,sl
orb,BUY,2022-07-07 16:50:00,2022-07-07 17:50:00,-4.51,sl
orb,SELL,2022-07-08 10:30:00,2022-07-08 10:35:00,8.0,tp
orb,BUY,2022-07-08 17:35:00,2022-07-08 18:10:00,0.05,sl
orb,SELL,2022-07-11 10:05:00,2022-07-11 10:50:00,6.58,tp
orb,SELL,2022-07-13 09:25:00,2022-07-13 09:35:00,-4.19,sl
orb,BUY,2022-07-13 12:15:00,2022-07-13 13:10:00,-2.62,sl
orb,SELL,2022-07-14 09:15:00,2022-07-14 09:45:00,0.05,sl
orb,SELL,2022-07-15 09:10:00,2022-07-15 09:40:00,4.49,tp
orb,BUY,2022-07-19 08:15:00,2022-07-19 09:15:00,-4.79,sl
orb,BUY,2022-07-20 16:35:00,2022-07-20 16:45:00,-3.44,sl
orb,SELL,2022-07-21 09:30:00,2022-07-21 10:15:00,0.1,sl
orb,BUY,2022-07-21 15:40:00,2022-07-21 15:55:00,8.67,tp
orb,BUY,2022-07-25 10:40:00,2022-07-25 10:45:00,-4.47,sl
orb,SELL,2022-07-25 16:40:00,2022-07-25 17:50:00,6.18,tp
orb,SELL,2022-07-26 13:20:00,2022-07-26 13:50:00,-2.6,sl
orb,SELL,2022-07-27 17:00:00,2022-07-27 18:15:00,-3.69,sl
orb,BUY,2022-07-28 09:40:00,2022-07-28 10:00:00,-3.77,sl
orb,SELL,2022-07-29 17:05:00,2022-07-29 17:25:00,-4.99,sl
orb,SELL,2022-08-01 07:45:00,2022-08-01 09:15:00,-3.4,sl
orb,BUY,2022-08-01 10:15:00,2022-08-01 10:35:00,-4.52,sl
orb,SELL,2022-08-02 10:40:00,2022-08-02 11:15:00,-2.62,sl
orb,BUY,2022-08-02 15:20:00,2022-08-02 15:20:00,6.38,tp
orb,BUY,2022-08-03 15:35:00,2022-08-03 16:40:00,-3.41,sl
orb,SELL,2022-08-03 17:55:00,2022-08-03 19:20:00,-5.09,sl
orb,SELL,2022-08-05 09:25:00,2022-08-05 10:05:00,-3.72,sl
orb,BUY,2022-08-08 09:00:00,2022-08-08 09:05:00,-3.08,sl
orb,BUY,2022-08-09 11:10:00,2022-08-09 12:30:00,0.05,sl
orb,BUY,2022-08-10 12:55:00,2022-08-10 13:35:00,-3.33,sl
orb,BUY,2022-08-11 14:35:00,2022-08-11 15:05:00,7.09,tp
orb,SELL,2022-08-16 11:00:00,2022-08-16 15:10:00,-4.45,sl
orb,SELL,2022-08-19 13:05:00,2022-08-19 14:40:00,-4.47,sl
orb,BUY,2022-08-22 05:30:00,2022-08-22 07:00:00,-3.39,sl
orb,SELL,2022-08-22 07:15:00,2022-08-22 08:40:00,0.15,sl
orb,BUY,2022-08-23 11:20:00,2022-08-23 12:20:00,-2.53,sl
orb,SELL,2022-08-23 15:25:00,2022-08-23 15:35:00,0.05,sl
orb,BUY,2022-08-26 09:35:00,2022-08-26 09:50:00,-3.29,sl
orb,SELL,2022-08-26 10:50:00,2022-08-26 11:35:00,0.05,sl
orb,BUY,2022-08-29 16:10:00,2022-08-29 17:35:00,0.05,sl
orb,SELL,2022-08-30 15:55:00,2022-08-30 17:20:00,5.58,tp
orb,SELL,2022-09-01 11:20:00,2022-09-01 11:20:00,-2.39,sl
orb,BUY,2022-09-05 11:40:00,2022-09-05 12:20:00,-4.07,sl
orb,SELL,2022-09-06 15:55:00,2022-09-06 16:15:00,0.05,sl
orb,BUY,2022-09-07 11:05:00,2022-09-07 13:10:00,0.05,sl
orb,BUY,2022-09-08 09:20:00,2022-09-08 10:00:00,6.5,tp
orb,SELL,2022-09-08 16:05:00,2022-09-08 17:25:00,8.61,tp
orb,BUY,2022-09-13 12:35:00,2022-09-13 13:20:00,-4.35,sl
orb,SELL,2022-09-13 15:35:00,2022-09-13 15:50:00,9.83,tp
orb,BUY,2022-09-14 11:10:00,2022-09-14 12:20:00,-2.85,sl
orb,SELL,2022-09-15 14:10:00,2022-09-15 14:45:00,-2.51,sl
orb,SELL,2022-09-16 09:30:00,2022-09-16 10:05:00,-3.79,sl
orb,BUY,2022-09-16 14:45:00,2022-09-16 15:00:00,-2.78,sl
orb,SELL,2022-09-20 07:50:00,2022-09-20 08:55:00,7.02,tp
orb,BUY,2022-09-21 14:55:00,2022-09-21 15:25:00,-4.46,sl
orb,SELL,2022-09-22 10:05:00,2022-09-22 10:10:00,-2.61,sl
orb,BUY,2022-09-22 11:20:00,2022-09-22 12:50:00,-5.6,sl
orb,SELL,2022-09-23 10:20:00,2022-09-23 11:25:00,4.02,tp
orb,BUY,2022-09-26 10:25:00,2022-09-26 13:10:00,-4.74,sl
orb,BUY,2022-09-27 08:45:00,2022-09-27 09:05:00,0.1,sl
orb,BUY,2022-09-30 17:35:00,2022-09-30 19:05:00,-4.55,sl
orb,BUY,2022-10-04 08:55:00,2022-10-04 10:05:00,4.51,tp
orb,SELL,2022-10-05 17:05:00,2022-10-05 17:10:00,-5.76,sl
orb,SELL,2022-10-11 13:15:00,2022-10-11 13:25:00,-3.01,sl
orb,BUY,2022-10-14 08:50:00,2022-10-14 10:15:00,-4.0,sl
orb,SELL,2022-10-14 12:05:00,2022-10-14 12:30:00,5.18,tp
orb,BUY,2022-10-17 08:50:00,2022-10-17 09:05:00,-3.3,sl
orb,SELL,2022-10-18 12:05:00,2022-10-18 15:10:00,-3.44,sl
orb,SELL,2022-10-19 13:25:00,2022-10-19 15:20:00,4.9,tp
orb,BUY,2022-10-20 12:50:00,2022-10-20 14:50:00,0.05,sl
orb,BUY,2022-10-21 16:00:00,2022-10-21 16:45:00,9.64,tp
orb,SELL,2022-10-24 10:20:00,2022-10-24 11:40:00,6.08,tp
orb,SELL,2022-10-25 10:30:00,2022-10-25 12:35:00,4.06,tp
orb,BUY,2022-10-25 16:35:00,2022-10-25 17:20:00,0.05,sl
orb,SELL,2022-10-27 09:45:00,2022-10-27 10:05:00,0.05,sl
orb,SELL,2022-10-28 08:45:00,2022-10-28 09:50:00,6.78,tp
orb,BUY,2022-10-31 06:25:00,2022-10-31 06:30:00,-4.09,sl
orb,SELL,2022-10-31 08:20:00,2022-10-31 08:25:00,-3.09,sl
orb,BUY,2022-11-01 07:50:00,2022-11-01 08:40:00,5.81,tp
orb,BUY,2022-11-02 09:55:00,2022-11-02 11:00:00,0.1,sl
orb,SELL,2022-11-02 17:35:00,2022-11-02 19:40:00,-2.4,sl
orb,SELL,2022-11-03 09:10:00,2022-11-03 10:00:00,6.86,tp
orb,SELL,2022-11-07 09:05:00,2022-11-07 10:05:00,0.1,sl
orb,BUY,2022-11-07 11:30:00,2022-11-07 13:10:00,-3.06,sl
orb,BUY,2022-11-08 16:30:00,2022-11-08 17:05:00,7.94,tp
orb,BUY,2022-11-09 10:05:00,2022-11-09 11:05:00,-2.9,sl
orb,SELL,2022-11-09 12:10:00,2022-11-09 12:55:00,-3.06,sl
orb,BUY,2022-11-10 15:30:00,2022-11-10 15:30:00,9.48,tp
orb,BUY,2022-11-11 07:15:00,2022-11-11 07:30:00,6.64,tp
orb,SELL,2022-11-14 11:55:00,2022-11-14 13:45:00,5.26,tp
orb,BUY,2022-11-14 16:40:00,2022-11-14 17:10:00,6.34,tp
orb,BUY,2022-11-15 07:10:00,2022-11-15 07:55:00,-4.58,sl
orb,BUY,2022-11-16 11:20:00,2022-11-16 12:35:00,0.05,sl
orb,SELL,2022-11-17 14:50:00,2022-11-17 15:05:00,5.14,tp
orb,BUY,2022-11-18 09:15:00,2022-11-18 09:20:00,-3.49,sl
orb,SELL,2022-11-18 14:05:00,2022-11-18 15:05:00,0.1,sl
orb,SELL,2022-11-21 09:45:00,2022-11-21 11:40:00,8.05,tp
orb,BUY,2022-11-22 10:30:00,2022-11-22 10:40:00,-2.63,sl
orb,BUY,2022-11-23 09:40:00,2022-11-23 10:00:00,0.1,sl
orb,SELL,2022-11-23 15:35:00,2022-11-23 15:55:00,0.05,sl
orb,SELL,2022-11-25 10:00:00,2022-11-25 10:25:00,-4.53,sl
orb,BUY,2022-11-28 10:20:00,2022-11-28 10:50:00,4.45,tp
orb,SELL,2022-11-28 16:45:00,2022-11-28 20:25:00,6.98,tp
orb,BUY,2022-12-01 07:20:00,2022-12-01 07:40:00,7.41,tp
orb,SELL,2022-12-02 15:35:00,2022-12-02 16:25:00,0.05,sl
orb,SELL,2022-12-05 12:35:00,2022-12-05 14:55:00,-2.57,sl
orb,SELL,2022-12-06 08:55:00,2022-12-06 09:10:00,-4.5,sl
orb,BUY,2022-12-06 13:30:00,2022-12-06 14:10:00,7.25,tp
orb,BUY,2022-12-07 10:55:00,2022-12-07 11:05:00,-5.08,sl
orb,BUY,2022-12-08 15:10:00,2022-12-08 15:30:00,0.1,sl
orb,BUY,2022-12-09 13:30:00,2022-12-09 15:20:00,7.71,tp
orb,SELL,2022-12-12 16:40:00,2022-12-12 16:45:00,-3.22,sl
orb,BUY,2022-12-13 08:20:00,2022-12-13 09:20:00,6.98,tp
orb,SELL,2022-12-14 06:50:00,2022-12-14 07:25:00,-5.1,sl
orb,BUY,2022-12-14 08:50:00,2022-12-14 09:00:00,-4.27,sl
orb,SELL,2022-12-15 09:50:00,2022-12-15 10:10:00,4.88,tp
orb,BUY,2022-12-16 08:55:00,2022-12-16 09:20:00,-4.91,sl
orb,SELL,2022-12-16 10:30:00,2022-12-16 10:35:00,-2.59,sl
orb,SELL,2022-12-19 16:40:00,2022-12-19 16:55:00,-5.0,sl
orb,BUY,2022-12-20 10:05:00,2022-12-20 10:45:00,5.23,tp
orb,BUY,2022-12-21 16:55:00,2022-12-21 17:00:00,-5.04,sl
orb,SELL,2022-12-22 15:35:00,2022-12-22 15:55:00,5.65,tp
orb,BUY,2022-12-23 07:15:00,2022-12-23 09:05:00,7.5,tp
orb,SELL,2022-12-23 16:45:00,2022-12-23 17:15:00,-3.7,sl
orb,SELL,2022-12-28 09:05:00,2022-12-28 09:15:00,-3.6,sl
orb,BUY,2022-12-29 15:45:00,2022-12-29 15:55:00,-5.03,sl
orb,SELL,2022-12-30 12:35:00,2022-12-30 12:45:00,-4.37,sl
orb,BUY,2022-12-30 16:05:00,2022-12-30 16:15:00,-2.8,sl
orb,SELL,2023-01-05 09:55:00,2023-01-05 10:10:00,4.56,tp
orb,BUY,2023-01-06 15:35:00,2023-01-06 15:40:00,7.09,tp
orb,BUY,2023-01-09 08:20:00,2023-01-09 08:35:00,-4.82,sl
orb,BUY,2023-01-10 11:00:00,2023-01-10 14:15:00,-2.51,sl
orb,BUY,2023-01-11 07:10:00,2023-01-11 07:30:00,8.33,tp
orb,SELL,2023-01-11 16:50:00,2023-01-11 18:30:00,0.05,sl
orb,BUY,2023-01-12 11:45:00,2023-01-12 12:15:00,-4.27,sl
orb,SELL,2023-01-13 07:10:00,2023-01-13 07:30:00,7.16,tp
orb,BUY,2023-01-13 10:10:00,2023-01-13 10:40:00,5.67,tp
orb,SELL,2023-01-16 08:30:00,2023-01-16 08:55:00,0.1,sl
orb,BUY,2023-01-19 16:20:00,2023-01-19 20:20:00,7.03,tp
orb,SELL,2023-01-20 16:35:00,2023-01-20 16:55:00,-3.71,sl
orb,SELL,2023-01-23 08:15:00,2023-01-23 09:25:00,6.57,tp
orb,BUY,2023-01-24 08:35:00,2023-01-24 09:10:00,0.1,sl
orb,SELL,2023-01-24 15:55:00,2023-01-24 16:25:00,0.05,sl
orb,SELL,2023-01-25 12:15:00,2023-01-25 12:30:00,-2.77,sl
orb,SELL,2023-01-26 09:15:00,2023-01-26 09:25:00,0.05,sl
orb,BUY,2023-01-27 15:35:00,2023-01-27 15:55:00,-3.14,sl
orb,SELL,2023-01-27 17:50:00,2023-01-27 18:00:00,-5.4,sl
orb,BUY,2023-02-01 09:10:00,2023-02-01 09:30:00,-4.06,sl
orb,SELL,2023-02-01 09:35:00,2023-02-01 10:40:00,-4.48,sl
orb,BUY,2023-02-02 09:10:00,2023-02-02 09:20:00,0.05,sl
orb,SELL,2023-02-02 15:35:00,2023-02-02 15:50:00,6.15,tp
orb,SELL,2023-02-03 09:40:00,2023-02-03 10:25:00,-2.66,sl
orb,BUY,2023-02-08 08:05:00,2023-02-08 08:20:00,-4.74,sl
orb,SELL,2023-02-08 16:55:00,2023-02-08 18:15:00,-4.77,sl
orb,SELL,2023-02-13 06:45:00,2023-02-13 07:15:00,-4.35,sl
orb,BUY,2023-02-13 08:40:00,2023-02-13 09:00:00,-4.65,sl
orb,SELL,2023-02-15 15:35:00,2023-02-15 15:40:00,-3.26,sl
orb,SELL,2023-02-16 08:35:00,2023-02-16 08:50:00,-4.39,sl
orb,BUY,2023-02-16 10:10:00,2023-02-16 10:30:00,-2.46,sl
orb,BUY,2023-02-17 17:25:00,2023-02-17 17:55:00,0.05,sl
orb,SELL,2023-02-21 14:15:00,2023-02-21 14:55:00,-4.58,sl
orb,BUY,2023-02-21 16:40:00,2023-02-21 16:45:00,-3.26,sl
orb,BUY,2023-02-22 09:50:00,2023-02-22 10:15:00,0.1,sl
orb,SELL,2023-02-22 10:40:00,2023-02-22 13:05:00,-2.62,sl
orb,BUY,2023-02-23 08:30:00,2023-02-23 09:00:00,0.1,sl
orb,SELL,2023-02-23 15:35:00,2023-02-23 15:55:00,0.05,sl
orb,SELL,2023-02-24 09:50:00,2023-02-24 10:20:00,0.1,sl
orb,BUY,2023-02-27 15:40:00,2023-02-27 16:45:00,0.05,sl
orb,BUY,2023-02-28 17:05:00,2023-02-28 19:30:00,7.2,tp
orb,SELL,2023-03-02 09:20:00,2023-03-02 09:25:00,-4.1,sl
orb,BUY,2023-03-02 17:05:00,2023-03-02 19:15:00,-3.98,sl
orb,BUY,2023-03-03 08:20:00,2023-03-03 09:05:00,8.02,tp
orb,BUY,2023-03-06 09:25:00,2023-03-06 09:50:00,0.1,sl
orb,SELL,2023-03-06 12:00:00,2023-03-06 13:50:00,7.9,tp
orb,BUY,2023-03-07 09:30:00,2023-03-07 09:45:00,-4.29,sl
orb,SELL,2023-03-07 11:55:00,2023-03-07 14:30:00,7.19,tp
orb,BUY,2023-03-08 09:20:00,2023-03-08 12:30:00,-3.41,sl
orb,BUY,2023-03-09 10:40:00,2023-03-09 14:00:00,0.1,sl
orb,BUY,2023-03-10 10:05:00,2023-03-10 10:15:00,-2.88,sl
orb,SELL,2023-03-13 09:05:00,2023-03-13 09:30:00,-3.4,sl
orb,BUY,2023-03-13 11:30:00,2023-03-13 11:45:00,0.05,sl
orb,SELL,2023-03-14 10:50:00,2023-03-14 14:05:00,-4.13,sl
orb,SELL,2023-03-15 07:20:00,2023-03-15 08:50:00,-4.73,sl
orb,BUY,2023-03-15 12:15:00,2023-03-15 13:30:00,9.44,tp
orb,BUY,2023-03-16 13:10:00,2023-03-16 14:20:00,4.75,tp
orb,BUY,2023-03-17 13:25:00,2023-03-17 14:20:00,4.69,tp
orb,BUY,2023-03-20 07:50:00,2023-03-20 07:55:00,5.03,tp
orb,SELL,2023-03-20 16:15:00,2023-03-20 18:05:00,-7.76,sl
orb,SELL,2023-03-21 14:20:00,2023-03-21 14:20:00,-4.12,sl
orb,SELL,2023-03-22 09:25:00,2023-03-22 09:45:00,-3.19,sl
orb,BUY,2023-03-22 16:50:00,2023-03-22 19:20:00,-4.11,sl
orb,BUY,2023-03-23 16:00:00,2023-03-23 17:00:00,-5.37,sl
orb,SELL,2023-03-24 07:25:00,2023-03-24 07:35:00,-4.11,sl
orb,BUY,2023-03-24 12:00:00,2023-03-24 12:45:00,0.05,sl
orb,SELL,2023-03-27 09:05:00,2023-03-27 09:45:00,0.05,sl
orb,SELL,2023-03-28 09:15:00,2023-03-28 10:05:00,-0.44,gap
orb,BUY,2023-03-28 15:25:00,2023-03-28 16:00:00,0.05,sl
orb,BUY,2023-03-30 08:35:00,2023-03-30 08:50:00,-4.17,sl
orb,BUY,2023-03-31 10:00:00,2023-03-31 10:05:00,-4.4,sl
orb,SELL,2023-03-31 10:30:00,2023-03-31 11:05:00,0.05,sl
orb,BUY,2023-04-03 13:05:00,2023-04-03 13:10:00,4.25,tp
orb,SELL,2023-04-04 09:35:00,2023-04-04 09:35:00,-2.57,sl
orb,BUY,2023-04-04 15:25:00,2023-04-04 15:25:00,-3.08,sl
orb,BUY,2023-04-05 10:10:00,2023-04-05 10:40:00,0.1,sl
orb,SELL,2023-04-05 17:15:00,2023-04-05 17:30:00,11.86,tp
orb,SELL,2023-04-06 16:45:00,2023-04-06 17:35:00,-5.09,sl
orb,SELL,2023-04-10 05:15:00,2023-04-10 05:45:00,4.84,tp
orb,BUY,2023-04-12 15:35:00,2023-04-12 15:45:00,-4.99,sl
orb,SELL,2023-04-12 16:50:00,2023-04-12 17:05:00,-7.94,sl
orb,BUY,2023-04-13 09:30:00,2023-04-13 09:45:00,0.05,sl
orb,SELL,2023-04-14 10:30:00,2023-04-14 11:20:00,4.64,tp
orb,BUY,2023-04-17 08:35:00,2023-04-17 08:40:00,-3.77,sl
orb,SELL,2023-04-17 16:50:00,2023-04-17 17:30:00,8.35,tp
orb,BUY,2023-04-18 15:25:00,2023-04-18 15:45:00,-4.39,sl
orb,SELL,2023-04-18 16:30:00,2023-04-18 16:45:00,-3.55,sl
orb,SELL,2023-04-19 08:45:00,2023-04-19 09:05:00,6.56,tp
orb,BUY,2023-04-20 09:45:00,2023-04-20 10:05:00,-2.81,sl
orb,SELL,2023-04-21 08:00:00,2023-04-21 08:30:00,7.87,tp
orb,BUY,2023-04-24 12:05:00,2023-04-24 12:45:00,0.05,sl
orb,SELL,2023-04-24 16:40:00,2023-04-24 17:10:00,-3.59,sl
orb,SELL,2023-04-25 10:45:00,2023-04-25 13:55:00,6.88,tp
orb,SELL,2023-04-26 14:45:00,2023-04-26 14:50:00,-3.61,sl
orb,BUY,2023-04-26 16:25:00,2023-04-26 17:00:00,-5.34,sl
orb,BUY,2023-04-27 15:35:00,2023-04-27 15:35:00,-4.72,sl
orb,SELL,2023-04-27 15:40:00,2023-04-27 16:25:00,9.53,tp
orb,SELL,2023-04-28 08:50:00,2023-04-28 11:15:00,4.67,tp
orb,BUY,2023-04-28 17:40:00,2023-05-01 03:50:00,-5.75,sl
orb,BUY,2023-05-01 15:25:00,2023-05-01 15:35:00,6.63,tp
orb,BUY,2023-05-02 09:30:00,2023-05-02 10:10:00,-3.73,sl
orb,SELL,2023-05-02 10:50:00,2023-05-02 11:25:00,0.1,sl
orb,SELL,2023-05-03 10:35:00,2023-05-03 11:00:00,0.1,sl
orb,BUY,2023-05-03 16:40:00,2023-05-03 16:55:00,-4.04,sl
orb,SELL,2023-05-04 05:30:00,2023-05-04 05:55:00,0.05,sl
orb,SELL,2023-05-05 09:25:00,2023-05-05 10:20:00,7.75,tp
orb,BUY,2023-05-08 13:15:00,2023-05-08 14:45:00,-4.11,sl
orb,BUY,2023-05-09 13:05:00,2023-05-09 13:25:00,0.1,sl
orb,SELL,2023-05-10 15:25:00,2023-05-10 15:25:00,-3.42,sl
orb,BUY,2023-05-10 15:35:00,2023-05-10 16:05:00,0.05,sl
orb,SELL,2023-05-11 09:40:00,2023-05-11 10:05:00,7.78,tp
orb,BUY,2023-05-11 14:25:00,2023-05-11 15:15:00,-3.38,sl
orb,BUY,2023-05-12 16:10:00,2023-05-12 17:00:00,0.05,sl
orb,BUY,2023-05-15 08:35:00,2023-05-15 08:35:00,-4.1,sl
orb,SELL,2023-05-16 08:40:00,2023-05-16 08:40:00,-3.47,sl
orb,SELL,2023-05-17 08:35:00,2023-05-17 08:40:00,-3.17,sl
orb,SELL,2023-05-18 15:35:00,2023-05-18 15:45:00,-3.25,sl
orb,SELL,2023-05-23 08:35:00,2023-05-23 08:50:00,-3.8,sl
orb,BUY,2023-05-23 17:00:00,2023-05-24 08:55:00,10.15,tp
orb,BUY,2023-05-24 14:40:00,2023-05-24 15:25:00,0.05,sl
orb,SELL,2023-05-24 17:05:00,2023-05-24 18:50:00,7.82,tp
orb,SELL,2023-05-25 09:00:00,2023-05-25 09:30:00,-3.36,sl
orb,BUY,2023-05-25 11:10:00,2023-05-25 12:00:00,0.05,sl
orb,BUY,2023-05-29 08:40:00,2023-05-29 09:20:00,6.74,tp
orb,BUY,2023-05-31 16:40:00,2023-05-31 16:40:00,6.09,tp
orb,SELL,2023-06-01 09:05:00,2023-06-01 10:05:00,6.8,tp
orb,BUY,2023-06-01 14:05:00,2023-06-01 15:15:00,-2.47,sl
orb,SELL,2023-06-02 15:35:00,2023-06-02 15:45:00,6.31,tp
orb,SELL,2023-06-05 14:40:00,2023-06-05 14:50:00,-4.71,sl
orb,BUY,2023-06-05 17:05:00,2023-06-06 15:45:00,0.05,sl
orb,SELL,2023-06-07 09:20:00,2023-06-07 09:40:00,6.26,tp
orb,BUY,2023-06-07 16:55:00,2023-06-07 17:05:00,-3.67,sl
orb,BUY,2023-06-08 15:30:00,2023-06-08 15:30:00,5.3,tp
orb,SELL,2023-06-09 11:05:00,2023-06-09 13:20:00,-4.05,sl
orb,BUY,2023-06-09 14:30:00,2023-06-09 15:20:00,-3.65,sl
orb,SELL,2023-06-12 16:50:00,2023-06-12 18:10:00,-4.23,sl
orb,BUY,2023-06-13 13:50:00,2023-06-13 14:55:00,-3.38,sl
orb,SELL,2023-06-13 15:35:00,2023-06-13 16:20:00,10.19,tp
orb,BUY,2023-06-14 15:40:00,2023-06-14 15:45:00,6.45,tp
orb,SELL,2023-06-15 08:10:00,2023-06-15 08:20:00,-3.93,sl
orb,BUY,2023-06-15 16:45:00,2023-06-15 17:05:00,10.24,tp
orb,BUY,2023-06-20 10:35:00,2023-06-20 12:15:00,-4.69,sl
orb,SELL,2023-06-20 15:55:00,2023-06-20 16:20:00,5.83,tp
orb,BUY,2023-06-21 05:35:00,2023-06-21 05:45:00,-3.79,sl
orb,SELL,2023-06-21 08:10:00,2023-06-21 08:15:00,-3.38,sl
orb,SELL,2023-06-22 07:35:00,2023-06-22 08:00:00,6.68,tp
orb,SELL,2023-06-26 09:50:00,2023-06-26 10:05:00,-3.69,sl
orb,BUY,2023-06-26 10:35:00,2023-06-26 11:25:00,7.65,tp
orb,SELL,2023-06-27 14:30:00,2023-06-27 14:50:00,-3.79,sl
orb,BUY,2023-06-27 15:40:00,2023-06-27 15:45:00,-3.09,sl
orb,SELL,2023-06-28 09:25:00,2023-06-28 09:40:00,8.28,tp
orb,SELL,2023-06-29 09:30:00,2023-06-29 10:15:00,-3.81,sl
orb,BUY,2023-06-29 17:55:00,2023-06-30 09:00:00,-5.38,sl
orb,BUY,2023-07-03 15:50:00,2023-07-03 16:15:00,4.43,tp
orb,SELL,2023-07-05 09:20:00,2023-07-05 10:00:00,0.15,sl
orb,BUY,2023-07-05 11:00:00,2023-07-05 11:20:00,-3.79,sl
orb,BUY,2023-07-06 13:30:00,2023-07-06 13:40:00,0.1,sl
orb,SELL,2023-07-06 15:20:00,2023-07-06 15:30:00,7.64,tp
orb,BUY,2023-07-07 08:05:00,2023-07-07 08:40:00,8.01,tp
orb,SELL,2023-07-10 06:40:00,2023-07-10 08:35:00,8.35,tp
orb,BUY,2023-07-11 13:20:00,2023-07-11 13:45:00,-4.53,sl
orb,BUY,2023-07-12 15:35:00,2023-07-12 15:50:00,0.05,sl
orb,SELL,2023-07-14 08:45:00,2023-07-14 09:20:00,-4.65,sl
orb,BUY,2023-07-18 13:50:00,2023-07-18 14:05:00,-4.61,sl
orb,SELL,2023-07-19 14:20:00,2023-07-19 15:00:00,-4.02,sl
orb,SELL,2023-07-20 15:35:00,2023-07-20 16:00:00,0.05,sl
orb,SELL,2023-07-21 16:15:00,2023-07-21 16:30:00,-2.85,sl
orb,BUY,2023-07-25 09:25:00,2023-07-25 10:00:00,-4.23,sl
orb,SELL,2023-07-25 14:30:00,2023-07-25 14:40:00,-4.5,sl
orb,BUY,2023-07-26 09:15:00,2023-07-26 09:50:00,8.58,tp
orb,BUY,2023-07-27 10:50:00,2023-07-27 11:00:00,-2.7,sl
orb,SELL,2023-07-27 15:35:00,2023-07-27 15:45:00,7.01,tp
orb,BUY,2023-07-28 14:25:00,2023-07-28 14:45:00,-4.45,sl
orb,SELL,2023-07-31 11:55:00,2023-07-31 12:05:00,-4.13,sl
orb,BUY,2023-07-31 14:30:00,2023-07-31 14:45:00,-3.85,sl
orb,SELL,2023-08-01 14:15:00,2023-08-01 14:25:00,-3.79,sl
orb,BUY,2023-08-02 13:55:00,2023-08-02 14:05:00,0.1,sl
orb,SELL,2023-08-02 15:30:00,2023-08-02 15:45:00,0.05,sl
orb,SELL,2023-08-03 15:25:00,2023-08-03 15:30:00,-3.02,sl
orb,SELL,2023-08-07 17:05:00,2023-08-07 17:10:00,-3.46,sl
orb,SELL,2023-08-08 10:55:00,2023-08-08 11:10:00,-3.68,sl
orb,SELL,2023-08-09 14:15:00,2023-08-09 14:30:00,-4.14,sl
orb,BUY,2023-08-10 10:05:00,2023-08-10 11:35:00,0.1,sl
orb,SELL,2023-08-10 17:55:00,2023-08-10 18:30:00,-4.05,sl
orb,BUY,2023-08-11 09:05:00,2023-08-11 09:45:00,0.15,sl
orb,BUY,2023-08-14 10:45:00,2023-08-14 12:25:00,-3.87,sl
orb,SELL,2023-08-14 15:15:00,2023-08-14 15:25:00,7.26,tp
orb,SELL,2023-08-15 10:30:00,2023-08-15 15:00:00,0.1,sl
orb,BUY,2023-08-15 17:35:00,2023-08-15 19:30:00,-4.09,sl
orb,SELL,2023-08-16 15:55:00,2023-08-16 16:20:00,-0.86,gap
orb,BUY,2023-08-17 09:35:00,2023-08-17 10:00:00,6.87,tp
orb,BUY,2023-08-18 13:15:00,2023-08-18 14:05:00,-4.54,sl
orb,SELL,2023-08-18 15:40:00,2023-08-18 16:05:00,-4.24,sl
orb,BUY,2023-08-21 15:05:00,2023-08-21 16:00:00,7.29,tp
orb,BUY,2023-08-22 09:15:00,2023-08-22 09:40:00,0.1,sl
orb,SELL,2023-08-22 16:35:00,2023-08-22 17:10:00,0.05,sl
orb,BUY,2023-08-23 15:30:00,2023-08-23 15:55:00,-4.59,sl
orb,SELL,2023-08-24 15:10:00,2023-08-24 15:25:00,-4.52,sl
orb,BUY,2023-08-24 17:50:00,2023-08-24 19:05:00,-3.56,sl
orb,BUY,2023-08-28 08:35:00,2023-08-28 08:50:00,-3.52,sl
orb,SELL,2023-08-28 11:05:00,2023-08-28 11:40:00,-4.35,sl
orb,SELL,2023-08-29 14:05:00,2023-08-29 14:55:00,7.21,tp
orb,BUY,2023-08-29 17:05:00,2023-08-29 18:25:00,6.63,tp
orb,SELL,2023-08-30 08:55:00,2023-08-30 09:05:00,-4.17,sl
orb,BUY,2023-08-30 12:30:00,2023-08-30 13:10:00,-4.12,sl
orb,BUY,2023-08-31 15:35:00,2023-08-31 15:35:00,-4.57,sl
orb,SELL,2023-08-31 16:15:00,2023-08-31 16:45:00,0.05,sl
orb,BUY,2023-09-01 12:30:00,2023-09-01 14:40:00,0.2,sl
orb,SELL,2023-09-01 17:05:00,2023-09-01 20:25:00,0.05,sl
orb,BUY,2023-09-04 09:20:00,2023-09-04 09:35:00,-4.08,sl
orb,SELL,2023-09-04 16:05:00,2023-09-04 16:45:00,0.15,sl
orb,SELL,2023-09-06 16:05:00,2023-09-06 16:30:00,-3.96,sl
orb,BUY,2023-09-06 16:55:00,2023-09-06 17:00:00,-2.9,sl
orb,BUY,2023-09-07 13:05:00,2023-09-07 13:25:00,-3.73,sl
orb,SELL,2023-09-07 15:40:00,2023-09-07 15:45:00,-2.35,sl
orb,BUY,2023-09-08 09:15:00,2023-09-08 09:25:00,-3.53,sl
orb,SELL,2023-09-14 09:15:00,2023-09-14 10:45:00,7.54,tp
orb,BUY,2023-09-15 14:45:00,2023-09-15 15:15:00,-3.89,sl
orb,SELL,2023-09-19 07:45:00,2023-09-19 08:30:00,0.25,sl
orb,BUY,2023-09-19 10:55:00,2023-09-19 11:50:00,-3.85,sl
orb,SELL,2023-09-20 10:20:00,2023-09-20 11:20:00,-4.21,sl
orb,BUY,2023-09-20 13:20:00,2023-09-20 13:30:00,-3.4,sl
orb,SELL,2023-09-21 11:55:00,2023-09-21 12:50:00,-3.09,sl
orb,BUY,2023-09-22 09:15:00,2023-09-22 10:15:00,6.04,tp
orb,SELL,2023-09-25 08:35:00,2023-09-25 08:35:00,-3.48,sl
orb,BUY,2023-09-25 10:10:00,2023-09-25 10:20:00,-3.31,sl
orb,SELL,2023-09-26 15:40:00,2023-09-26 15:40:00,-2.81,sl
orb,BUY,2023-09-28 10:20:00,2023-09-28 10:55:00,-2.15,sl
orb,SELL,2023-09-28 15:50:00,2023-09-28 16:05:00,-3.14,sl
orb,BUY,2023-09-29 16:00:00,2023-09-29 16:15:00,5.3,tp
orb,SELL,2023-09-29 17:10:00,2023-09-29 18:35:00,8.45,tp
orb,SELL,2023-10-02 12:05:00,2023-10-02 12:25:00,4.12,tp
orb,BUY,2023-10-03 15:20:00,2023-10-03 15:20:00,-2.65,sl
orb,BUY,2023-10-04 14:15:00,2023-10-04 14:20:00,-2.24,sl
orb,SELL,2023-10-05 15:25:00,2023-10-05 15:35:00,3.93,tp
orb,SELL,2023-10-09 15:45:00,2023-10-09 15:50:00,-2.61,sl
orb,SELL,2023-10-10 08:05:00,2023-10-10 08:20:00,-4.03,sl
orb,SELL,2023-10-11 08:45:00,2023-10-11 09:00:00,-3.36,sl
orb,BUY,2023-10-11 09:45:00,2023-10-11 10:05:00,0.1,sl
orb,BUY,2023-10-12 07:55:00,2023-10-12 09:05:00,0.15,sl
orb,SELL,2023-10-12 16:45:00,2023-10-13 05:30:00,0.05,sl
orb,BUY,2023-10-17 12:20:00,2023-10-17 13:10:00,7.37,tp
orb,BUY,2023-10-18 12:35:00,2023-10-18 14:45:00,0.05,sl
orb,BUY,2023-10-19 11:10:00,2023-10-19 11:20:00,-2.98,sl
orb,BUY,2023-10-20 10:40:00,2023-10-20 11:30:00,0.05,sl
orb,BUY,2023-10-23 10:35:00,2023-10-23 12:40:00,0.05,sl
orb,SELL,2023-10-24 11:50:00,2023-10-24 12:15:00,4.57,tp
orb,SELL,2023-10-25 10:30:00,2023-10-25 10:50:00,-2.51,sl
orb,BUY,2023-10-25 16:15:00,2023-10-25 16:50:00,5.72,tp
orb,SELL,2023-10-26 15:35:00,2023-10-26 15:45:00,6.74,tp
orb,SELL,2023-10-27 13:55:00,2023-10-27 14:40:00,0.1,sl
orb,SELL,2023-10-30 06:40:00,2023-10-30 07:30:00,-2.96,sl
orb,BUY,2023-11-01 14:20:00,2023-11-01 15:00:00,0.05,sl
orb,BUY,2023-11-02 10:45:00,2023-11-02 12:05:00,-3.68,sl
orb,SELL,2023-11-02 15:50:00,2023-11-02 19:15:00,0.05,sl
orb,BUY,2023-11-03 09:00:00,2023-11-03 09:25:00,0.15,sl
orb,SELL,2023-11-08 12:05:00,2023-11-08 12:25:00,6.81,tp
orb,SELL,2023-11-09 10:15:00,2023-11-09 10:35:00,-3.65,sl
orb,BUY,2023-11-09 16:45:00,2023-11-09 17:40:00,6.81,tp
orb,SELL,2023-11-10 08:05:00,2023-11-10 08:25:00,-3.85,sl
orb,SELL,2023-11-13 16:45:00,2023-11-13 17:05:00,-0.28,gap
orb,BUY,2023-11-14 15:35:00,2023-11-14 15:35:00,-4.35,sl
orb,BUY,2023-11-15 15:35:00,2023-11-15 15:40:00,-3.29,sl
orb,SELL,2023-11-15 16:45:00,2023-11-15 16:50:00,6.5,tp
orb,BUY,2023-11-16 15:35:00,2023-11-16 16:20:00,0.05,sl
orb,BUY,2023-11-17 10:00:00,2023-11-17 10:00:00,-3.95,sl
orb,SELL,2023-11-17 16:55:00,2023-11-17 17:05:00,-3.64,sl
orb,SELL,2023-11-20 13:45:00,2023-11-20 14:50:00,0.1,sl
orb,BUY,2023-11-21 10:10:00,2023-11-21 10:20:00,-4.3,sl
orb,SELL,2023-11-22 17:10:00,2023-11-22 17:40:00,0.05,sl
orb,BUY,2023-11-23 09:40:00,2023-11-23 10:00:00,-3.75,sl
orb,BUY,2023-11-24 12:10:00,2023-11-24 14:45:00,0.1,sl
orb,SELL,2023-11-28 09:55:00,2023-11-28 10:55:00,-3.79,sl
orb,BUY,2023-11-28 15:45:00,2023-11-28 16:20:00,5.24,tp
orb,SELL,2023-11-29 11:25:00,2023-11-29 11:30:00,4.11,tp
orb,BUY,2023-12-01 10:50:00,2023-12-01 11:25:00,3.8,tp
orb,SELL,2023-12-01 14:00:00,2023-12-01 14:55:00,0.05,sl
orb,SELL,2023-12-04 09:45:00,2023-12-04 10:00:00,9.66,tp
orb,SELL,2023-12-05 12:05:00,2023-12-05 13:25:00,5.9,tp
orb,BUY,2023-12-07 09:05:00,2023-12-07 10:35:00,7.48,tp
orb,SELL,2023-12-08 11:00:00,2023-12-08 12:05:00,-2.5,sl
orb,SELL,2023-12-11 10:00:00,2023-12-11 10:20:00,-2.86,sl
orb,BUY,2023-12-12 15:10:00,2023-12-12 15:20:00,0.1,sl
orb,SELL,2023-12-12 16:35:00,2023-12-13 09:40:00,0.05,sl
orb,BUY,2023-12-13 12:15:00,2023-12-13 14:15:00,-4.05,sl
orb,BUY,2023-12-14 10:30:00,2023-12-14 10:40:00,-3.56,sl
orb,BUY,2023-12-15 09:45:00,2023-12-15 11:00:00,6.98,tp
orb,SELL,2023-12-15 15:40:00,2023-12-15 16:15:00,-4.85,sl
orb,BUY,2023-12-19 14:20:00,2023-12-19 14:30:00,-3.62,sl
orb,BUY,2023-12-20 08:15:00,2023-12-20 08:20:00,-4.4,sl
orb,SELL,2023-12-20 12:30:00,2023-12-20 13:20:00,7.03,tp
orb,BUY,2023-12-21 14:40:00,2023-12-21 15:05:00,-2.39,sl
orb,BUY,2023-12-22 12:20:00,2023-12-22 12:30:00,0.1,sl
orb,BUY,2023-12-27 11:25:00,2023-12-27 12:20:00,-3.84,sl
orb,SELL,2023-12-27 12:30:00,2023-12-27 13:10:00,-2.26,sl
orb,SELL,2023-12-28 10:30:00,2023-12-28 11:35:00,0.05,sl
orb,BUY,2023-12-29 08:00:00,2023-12-29 09:50:00,0.1,sl
orb,SELL,2023-12-29 12:00:00,2023-12-29 13:00:00,0.05,sl
orb,BUY,2024-01-02 11:40:00,2024-01-02 12:10:00,-2.97,sl
orb,SELL,2024-01-02 16:45:00,2024-01-02 17:00:00,-5.03,sl
orb,SELL,2024-01-03 11:15:00,2024-01-03 12:20:00,4.47,tp
orb,SELL,2024-01-04 15:45:00,2024-01-04 17:10:00,-3.7,sl
orb,SELL,2024-01-05 08:25:00,2024-01-05 08:55:00,0.1,sl
orb,BUY,2024-01-05 16:30:00,2024-01-05 17:05:00,13.18,tp
orb,SELL,2024-01-08 11:20:00,2024-01-08 11:45:00,-3.28,sl
orb,BUY,2024-01-09 09:25:00,2024-01-09 10:10:00,-3.02,sl
orb,SELL,2024-01-10 07:50:00,2024-01-10 09:15:00,-4.29,sl
orb,BUY,2024-01-10 10:10:00,2024-01-10 12:00:00,5.49,tp
orb,BUY,2024-01-11 15:25:00,2024-01-11 15:30:00,-3.18,sl
orb,BUY,2024-01-12 08:00:00,2024-01-12 09:00:00,-3.74,sl
orb,BUY,2024-01-15 10:45:00,2024-01-15 11:00:00,-2.55,sl
orb,SELL,2024-01-17 16:15:00,2024-01-17 17:05:00,8.64,tp
orb,BUY,2024-01-18 08:25:00,2024-01-18 10:10:00,-4.38,sl
orb,SELL,2024-01-22 06:45:00,2024-01-22 07:25:00,5.97,tp
orb,SELL,2024-01-25 09:10:00,2024-01-25 09:15:00,-3.89,sl
orb,BUY,2024-01-25 09:35:00,2024-01-25 10:00:00,-2.41,sl
orb,SELL,2024-01-26 11:10:00,2024-01-26 11:40:00,-2.17,sl
orb,BUY,2024-01-26 13:05:00,2024-01-26 14:25:00,-4.18,sl
orb,BUY,2024-01-29 08:50:00,2024-01-29 09:25:00,6.49,tp
orb,BUY,2024-01-30 08:15:00,2024-01-30 08:45:00,-3.67,sl
orb,SELL,2024-01-30 17:30:00,2024-01-30 21:35:00,-5.34,sl
orb,BUY,2024-01-31 10:25:00,2024-01-31 12:40:00,-2.25,sl
orb,SELL,2024-02-01 12:15:00,2024-02-01 12:40:00,4.34,tp
orb,BUY,2024-02-01 16:40:00,2024-02-01 17:00:00,-4.42,sl
orb,BUY,2024-02-02 15:20:00,2024-02-02 15:20:00,-2.45,sl
orb,SELL,2024-02-02 15:30:00,2024-02-02 15:30:00,7.37,tp
orb,SELL,2024-02-05 15:25:00,2024-02-05 16:25:00,0.05,sl
orb,BUY,2024-02-06 15:10:00,2024-02-06 15:20:00,-2.56,sl
orb,SELL,2024-02-07 14:35:00,2024-02-07 14:40:00,-4.06,sl
orb,BUY,2024-02-07 15:40:00,2024-02-07 16:30:00,-2.44,sl
orb,SELL,2024-02-08 10:20:00,2024-02-08 10:55:00,0.1,sl
orb,SELL,2024-02-09 10:15:00,2024-02-09 10:30:00,-3.57,sl
orb,BUY,2024-02-09 15:35:00,2024-02-09 15:40:00,-3.97,sl
orb,BUY,2024-02-12 10:25:00,2024-02-12 10:45:00,-3.44,sl
orb,SELL,2024-02-12 11:45:00,2024-02-12 15:05:00,-3.65,sl
orb,SELL,2024-02-14 10:10:00,2024-02-14 10:35:00,0.05,sl
orb,BUY,2024-02-15 09:35:00,2024-02-15 11:55:00,6.0,tp
orb,BUY,2024-02-16 09:40:00,2024-02-16 09:55:00,-2.86,sl
orb,SELL,2024-02-16 15:35:00,2024-02-16 15:45:00,-3.03,sl
orb,BUY,2024-02-19 09:25:00,2024-02-19 09:35:00,-3.27,sl
orb,SELL,2024-02-22 15:25:00,2024-02-22 15:35:00,-0.33,gap
orb,SELL,2024-02-23 07:45:00,2024-02-23 08:20:00,6.99,tp
orb,BUY,2024-02-23 14:40:00,2024-02-23 15:20:00,0.05,sl
orb,BUY,2024-02-26 09:15:00,2024-02-26 10:40:00,0.1,sl
orb,SELL,2024-02-26 16:15:00,2024-02-26 16:45:00,0.05,sl
orb,SELL,2024-02-28 08:55:00,2024-02-28 11:00:00,4.8,tp
orb,BUY,2024-02-28 15:25:00,2024-02-28 15:40:00,0.05,sl
orb,BUY,2024-02-29 09:10:00,2024-02-29 09:25:00,-3.77,sl
orb,SELL,2024-02-29 12:20:00,2024-02-29 12:45:00,6.05,tp
orb,BUY,2024-03-01 17:20:00,2024-03-01 17:45:00,9.39,tp
orb,BUY,2024-03-04 09:45:00,2024-03-04 10:20:00,-3.81,sl
orb,BUY,2024-03-05 07:35:00,2024-03-05 07:45:00,0.1,sl
orb,BUY,2024-03-06 09:05:00,2024-03-06 09:50:00,0.1,sl
orb,BUY,2024-03-07 15:10:00,2024-03-07 15:35:00,0.05,sl
orb,BUY,2024-03-08 10:15:00,2024-03-08 10:30:00,4.12,tp
orb,SELL,2024-03-11 11:00:00,2024-03-11 11:45:00,-2.87,sl
orb,SELL,2024-03-12 13:20:00,2024-03-12 13:25:00,-2.36,sl
orb,BUY,2024-03-13 12:40:00,2024-03-13 14:05:00,-0.54,gap
orb,SELL,2024-03-14 13:50:00,2024-03-14 14:20:00,0.02,gap
orb,BUY,2024-03-15 07:45:00,2024-03-15 09:50:00,0.1,sl
orb,SELL,2024-03-15 14:40:00,2024-03-15 16:10:00,-3.76,sl
orb,BUY,2024-03-18 12:40:00,2024-03-18 13:10:00,6.97,tp
orb,SELL,2024-03-19 07:10:00,2024-03-19 08:05:00,5.85,tp
orb,SELL,2024-03-20 10:15:00,2024-03-20 10:25:00,-3.8,sl
orb,BUY,2024-03-20 16:05:00,2024-03-20 16:30:00,-4.14,sl
orb,SELL,2024-03-21 16:00:00,2024-03-21 16:25:00,10.47,tp
orb,SELL,2024-03-22 08:50:00,2024-03-22 09:15:00,4.67,tp
orb,SELL,2024-03-25 09:10:00,2024-03-25 09:35:00,-2.56,sl
orb,BUY,2024-03-25 15:40:00,2024-03-25 20:00:00,-3.82,sl
orb,BUY,2024-03-26 10:20:00,2024-03-26 11:00:00,4.21,tp
orb,BUY,2024-03-27 10:20:00,2024-03-27 10:25:00,-4.17,sl
orb,BUY,2024-03-28 12:20:00,2024-03-28 12:20:00,6.5,tp
orb,SELL,2024-04-01 17:10:00,2024-04-01 17:50:00,0.05,sl
orb,BUY,2024-04-02 07:45:00,2024-04-02 08:30:00,-2.83,sl
orb,SELL,2024-04-03 10:15:00,2024-04-03 10:25:00,5.68,tp
orb,SELL,2024-04-04 09:00:00,2024-04-04 09:10:00,-4.3,sl
orb,BUY,2024-04-05 12:45:00,2024-04-05 14:10:00,0.05,sl
orb,BUY,2024-04-09 10:15:00,2024-04-09 10:20:00,-4.46,sl
orb,BUY,2024-04-10 07:35:00,2024-04-10 08:20:00,4.1,tp
orb,SELL,2024-04-10 15:35:00,2024-04-10 15:35:00,-7.31,sl
orb,SELL,2024-04-11 11:15:00,2024-04-11 12:10:00,0.05,sl
orb,BUY,2024-04-11 16:50:00,2024-04-11 17:15:00,-6.13,sl
orb,BUY,2024-04-12 10:10:00,2024-04-12 10:30:00,-4.54,sl
orb,SELL,2024-04-15 11:35:00,2024-04-15 11:55:00,-5.44,sl
orb,SELL,2024-04-16 09:35:00,2024-04-16 10:00:00,0.05,sl
orb,BUY,2024-04-17 16:50:00,2024-04-17 17:00:00,-5.29,sl
orb,BUY,2024-04-18 13:25:00,2024-04-18 14:10:00,0.05,sl
orb,SELL,2024-04-19 14:15:00,2024-04-19 14:35:00,-4.93,sl
orb,SELL,2024-04-22 14:10:00,2024-04-22 14:15:00,7.39,tp
orb,SELL,2024-04-23 12:20:00,2024-04-23 13:15:00,-5.49,sl
orb,SELL,2024-04-24 12:20:00,2024-04-24 13:15:00,-3.71,sl
orb,BUY,2024-04-25 09:55:00,2024-04-25 11:00:00,5.85,tp
orb,BUY,2024-04-29 10:40:00,2024-04-29 12:00:00,0.05,sl
orb,BUY,2024-05-01 13:55:00,2024-05-01 15:45:00,5.24,tp
orb,SELL,2024-05-03 14:15:00,2024-05-03 14:25:00,-2.54,sl
orb,BUY,2024-05-03 15:35:00,2024-05-03 15:40:00,-7.51,sl
orb,BUY,2024-05-06 10:30:00,2024-05-06 10:35:00,5.88,tp
orb,SELL,2024-05-07 09:05:00,2024-05-07 10:35:00,-2.46,sl
orb,BUY,2024-05-10 08:15:00,2024-05-10 09:10:00,4.21,tp
orb,BUY,2024-05-14 12:05:00,2024-05-14 13:35:00,-2.94,sl
orb,BUY,2024-05-15 10:10:00,2024-05-15 10:35:00,0.05,sl
orb,SELL,2024-05-15 16:55:00,2024-05-15 17:05:00,-8.81,sl
orb,SELL,2024-05-16 10:15:00,2024-05-16 10:20:00,-3.1,sl
orb,BUY,2024-05-17 14:25:00,2024-05-17 15:50:00,4.36,tp
orb,BUY,2024-05-20 08:30:00,2024-05-20 08:35:00,7.22,tp
orb,SELL,2024-05-20 15:25:00,2024-05-20 16:00:00,0.05,sl
orb,SELL,2024-05-22 11:30:00,2024-05-22 11:35:00,-3.46,sl
orb,SELL,2024-05-23 08:40:00,2024-05-23 08:55:00,5.94,tp
orb,BUY,2024-05-27 05:30:00,2024-05-27 05:50:00,4.6,tp
orb,SELL,2024-05-28 09:05:00,2024-05-28 09:20:00,4.3,tp
orb,BUY,2024-05-28 15:40:00,2024-05-28 15:50:00,-3.71,sl
orb,SELL,2024-05-29 09:10:00,2024-05-29 09:45:00,0.05,sl
orb,BUY,2024-05-30 14:00:00,2024-05-30 14:20:00,-3.62,sl
orb,BUY,2024-05-31 15:35:00,2024-05-31 15:35:00,-3.78,sl
orb,SELL,2024-05-31 17:45:00,2024-05-31 19:15:00,0.05,sl
orb,BUY,2024-06-03 13:45:00,2024-06-03 15:05:00,-3.33,sl
orb,SELL,2024-06-04 10:05:00,2024-06-04 10:55:00,5.01,tp
orb,BUY,2024-06-05 15:55:00,2024-06-05 16:45:00,-3.97,sl
orb,SELL,2024-06-06 16:05:00,2024-06-06 16:25:00,-5.02,sl
orb,SELL,2024-06-10 09:45:00,2024-06-10 09:55:00,-4.17,sl
orb,BUY,2024-06-10 14:40:00,2024-06-10 15:00:00,5.01,tp
orb,SELL,2024-06-11 08:40:00,2024-06-11 09:10:00,-2.36,sl
orb,BUY,2024-06-11 15:20:00,2024-06-11 15:40:00,5.53,tp
orb,BUY,2024-06-12 09:25:00,2024-06-12 10:05:00,-2.22,sl
orb,SELL,2024-06-13 14:40:00,2024-06-13 14:50:00,0.05,sl
orb,BUY,2024-06-13 15:40:00,2024-06-13 16:50:00,-6.34,sl
orb,SELL,2024-06-18 09:55:00,2024-06-18 10:50:00,4.09,tp
orb,BUY,2024-06-18 16:55:00,2024-06-19 17:00:00,0.05,sl
orb,BUY,2024-06-20 16:50:00,2024-06-20 17:20:00,8.97,tp
orb,BUY,2024-06-21 08:55:00,2024-06-21 09:05:00,-3.22,sl
orb,SELL,2024-06-21 10:05:00,2024-06-21 10:40:00,-2.56,sl
orb,BUY,2024-06-24 16:35:00,2024-06-24 16:50:00,-3.85,sl
orb,BUY,2024-06-25 13:10:00,2024-06-25 14:20:00,-2.69,sl
orb,SELL,2024-06-25 16:05:00,2024-06-25 16:50:00,0.05,sl
orb,SELL,2024-06-26 09:05:00,2024-06-26 09:30:00,-2.78,sl
orb,BUY,2024-06-27 07:10:00,2024-06-27 07:15:00,-2.99,sl
orb,SELL,2024-06-27 09:05:00,2024-06-27 09:20:00,-2.01,sl
orb,BUY,2024-06-28 10:50:00,2024-06-28 11:50:00,0.05,sl
orb,SELL,2024-07-02 10:20:00,2024-07-02 10:45:00,-2.61,sl
orb,BUY,2024-07-02 16:50:00,2024-07-02 17:00:00,-4.35,sl
orb,SELL,2024-07-04 09:15:00,2024-07-04 09:30:00,3.61,tp
orb,BUY,2024-07-05 15:20:00,2024-07-05 15:30:00,-4.53,gap
orb,SELL,2024-07-05 15:35:00,2024-07-05 16:10:00,-6.61,sl
orb,SELL,2024-07-09 10:30:00,2024-07-09 11:15:00,-2.42,sl
orb,BUY,2024-07-09 17:05:00,2024-07-09 17:55:00,-5.53,sl
orb,BUY,2024-07-10 13:40:00,2024-07-10 13:45:00,-2.01,sl
orb,BUY,2024-07-11 15:35:00,2024-07-11 16:20:00,10.05,tp
orb,SELL,2024-07-12 08:40:00,2024-07-12 08:40:00,-2.3,sl
orb,SELL,2024-07-15 09:30:00,2024-07-15 10:35:00,0.05,sl
orb,BUY,2024-07-15 13:55:00,2024-07-15 15:10:00,4.96,tp
orb,BUY,2024-07-17 17:00:00,2024-07-17 17:00:00,-6.71,sl
orb,SELL,2024-07-19 09:10:00,2024-07-19 09:55:00,-4.28,sl
orb,SELL,2024-07-22 09:15:00,2024-07-22 09:45:00,-3.98,sl
orb,SELL,2024-07-23 08:25:00,2024-07-23 09:10:00,4.26,tp
orb,BUY,2024-07-23 11:45:00,2024-07-23 12:30:00,0.05,sl
orb,BUY,2024-07-24 15:20:00,2024-07-24 15:25:00,-3.21,sl
orb,SELL,2024-07-25 10:15:00,2024-07-25 10:15:00,-5.12,sl
orb,BUY,2024-07-26 16:05:00,2024-07-26 17:00:00,8.2,tp
orb,SELL,2024-07-29 11:30:00,2024-07-29 12:00:00,-3.97,sl
orb,BUY,2024-07-30 14:00:00,2024-07-30 14:45:00,-2.77,sl
orb,BUY,2024-07-31 16:50:00,2024-07-31 17:20:00,0.05,sl
orb,SELL,2024-08-01 11:30:00,2024-08-01 13:20:00,0.05,sl
orb,BUY,2024-08-01 17:05:00,2024-08-01 17:05:00,-8.24,sl
orb,BUY,2024-08-02 15:35:00,2024-08-02 16:00:00,-6.7,sl
orb,SELL,2024-08-05 14:00:00,2024-08-05 14:20:00,12.36,tp
orb,SELL,2024-08-06 08:50:00,2024-08-06 09:20:00,0.05,sl
orb,BUY,2024-08-07 07:30:00,2024-08-07 08:45:00,0.05,sl
orb,BUY,2024-08-08 13:45:00,2024-08-08 14:10:00,6.57,tp
orb,BUY,2024-08-09 13:45:00,2024-08-09 14:35:00,-3.06,sl
orb,BUY,2024-08-12 15:35:00,2024-08-12 16:00:00,-2.7,sl
orb,SELL,2024-08-13 07:50:00,2024-08-13 08:50:00,-2.67,sl
orb,BUY,2024-08-14 11:40:00,2024-08-14 13:15:00,-3.59,sl
orb,SELL,2024-08-14 16:25:00,2024-08-14 19:30:00,15.08,tp
orb,BUY,2024-08-15 07:00:00,2024-08-15 08:30:00,-2.27,sl
orb,SELL,2024-08-15 16:00:00,2024-08-15 16:15:00,0.05,sl
orb,BUY,2024-08-16 10:55:00,2024-08-16 14:05:00,6.51,tp
orb,SELL,2024-08-19 13:25:00,2024-08-19 14:00:00,5.41,tp
orb,SELL,2024-08-20 09:10:00,2024-08-20 09:25:00,-2.51,sl
orb,BUY,2024-08-20 10:40:00,2024-08-20 11:00:00,7.04,tp
orb,SELL,2024-08-21 10:45:00,2024-08-21 13:30:00,0.05,sl
orb,SELL,2024-08-22 14:40:00,2024-08-22 15:20:00,0.05,sl
orb,SELL,2024-08-27 11:00:00,2024-08-27 11:00:00,-4.55,sl
orb,SELL,2024-08-28 13:50:00,2024-08-28 14:50:00,0.05,sl
orb,BUY,2024-08-29 06:35:00,2024-08-29 08:00:00,0.05,sl
orb,SELL,2024-08-29 15:50:00,2024-08-29 16:00:00,-5.36,sl
orb,SELL,2024-08-30 17:10:00,2024-08-30 17:35:00,10.25,tp
orb,BUY,2024-09-02 11:45:00,2024-09-02 12:20:00,-3.75,sl
orb,BUY,2024-09-03 10:30:00,2024-09-03 11:30:00,5.19,tp
orb,SELL,2024-09-03 14:50:00,2024-09-03 15:00:00,-4.35,sl
orb,SELL,2024-09-04 09:25:00,2024-09-04 09:30:00,3.95,tp
orb,BUY,2024-09-04 17:05:00,2024-09-04 18:40:00,0.05,sl
orb,SELL,2024-09-06 15:15:00,2024-09-06 15:20:00,-2.76,sl
orb,BUY,2024-09-06 15:35:00,2024-09-06 16:00:00,-6.48,sl
orb,BUY,2024-09-09 15:30:00,2024-09-09 16:00:00,-2.94,sl
orb,BUY,2024-09-11 09:05:00,2024-09-11 09:35:00,3.92,tp
orb,SELL,2024-09-11 15:35:00,2024-09-11 16:00:00,0.05,sl
orb,BUY,2024-09-12 15:25:00,2024-09-12 15:30:00,-3.17,sl
orb,BUY,2024-09-13 15:50:00,2024-09-13 16:15:00,5.74,tp
orb,SELL,2024-09-16 13:55:00,2024-09-16 14:00:00,-3.33,sl
orb,BUY,2024-09-18 13:35:00,2024-09-18 14:55:00,0.05,sl
orb,BUY,2024-09-23 16:45:00,2024-09-23 17:00:00,0.05,sl
orb,BUY,2024-09-24 17:45:00,2024-09-24 18:50:00,0.05,sl
orb,BUY,2024-09-27 15:50:00,2024-09-27 16:25:00,-4.89,sl
orb,SELL,2024-09-27 17:25:00,2024-09-27 18:00:00,10.69,tp
orb,SELL,2024-09-30 13:20:00,2024-09-30 13:35:00,5.74,tp
orb,SELL,2024-10-02 15:30:00,2024-10-02 15:30:00,-4.91,sl
orb,BUY,2024-10-02 17:10:00,2024-10-02 17:25:00,-5.52,sl
orb,SELL,2024-10-03 17:05:00,2024-10-03 17:10:00,-6.68,sl
orb,SELL,2024-10-04 15:35:00,2024-10-04 15:35:00,-5.9,sl
orb,SELL,2024-10-07 08:25:00,2024-10-07 09:20:00,0.05,sl
orb,BUY,2024-10-07 11:05:00,2024-10-07 11:15:00,0.05,sl
orb,SELL,2024-10-08 10:05:00,2024-10-08 10:10:00,-4.46,sl
orb,BUY,2024-10-08 14:25:00,2024-10-08 15:30:00,-3.98,sl
orb,SELL,2024-10-09 16:40:00,2024-10-09 18:00:00,-5.42,sl
orb,BUY,2024-10-10 10:45:00,2024-10-10 14:20:00,0.05,sl
orb,BUY,2024-10-11 15:25:00,2024-10-11 15:35:00,0.05,sl
orb,BUY,2024-10-16 08:50:00,2024-10-16 09:10:00,4.72,tp
orb,BUY,2024-10-17 09:45:00,2024-10-17 09:55:00,-3.2,sl
orb,SELL,2024-10-17 15:35:00,2024-10-17 15:55:00,-4.33,sl
orb,BUY,2024-10-18 15:30:00,2024-10-18 15:50:00,-3.54,sl
orb,BUY,2024-10-21 11:25:00,2024-10-21 13:05:00,0.05,sl
orb,SELL,2024-10-23 16:15:00,2024-10-23 16:50:00,0.05,sl
orb,BUY,2024-10-24 07:55:00,2024-10-24 09:10:00,4.25,tp
orb,SELL,2024-10-25 11:20:00,2024-10-25 12:05:00,5.46,tp
orb,BUY,2024-10-25 17:15:00,2024-10-28 00:00:00,-5.03,gap
orb,BUY,2024-10-28 08:15:00,2024-10-28 09:20:00,-3.28,sl
orb,BUY,2024-10-29 15:40:00,2024-10-29 16:05:00,8.72,tp
orb,BUY,2024-10-30 07:35:00,2024-10-30 08:35:00,4.22,tp
orb,SELL,2024-10-30 14:20:00,2024-10-30 14:30:00,-3.39,sl
orb,SELL,2024-11-01 12:40:00,2024-11-01 12:50:00,-3.38,sl
orb,BUY,2024-11-01 14:35:00,2024-11-01 15:20:00,0.05,sl
orb,BUY,2024-11-04 15:50:00,2024-11-04 16:35:00,-4.07,sl
orb,BUY,2024-11-05 08:45:00,2024-11-05 09:30:00,0.05,sl
orb,SELL,2024-11-06 14:00:00,2024-11-06 14:10:00,-8.43,sl
orb,BUY,2024-11-07 09:25:00,2024-11-07 10:35:00,-4.52,sl
orb,SELL,2024-11-11 11:25:00,2024-11-11 12:00:00,-3.66,sl
orb,BUY,2024-11-13 15:35:00,2024-11-13 16:35:00,-4.91,sl
orb,SELL,2024-11-13 17:10:00,2024-11-13 17:55:00,-7.64,sl
orb,SELL,2024-11-15 07:55:00,2024-11-15 08:05:00,4.78,tp
orb,BUY,2024-11-15 13:40:00,2024-11-15 14:00:00,-4.06,sl
orb,BUY,2024-11-18 15:05:00,2024-11-18 15:20:00,-4.22,sl
orb,BUY,2024-11-19 08:55:00,2024-11-19 09:00:00,-2.81,sl
orb,SELL,2024-11-20 08:15:00,2024-11-20 09:30:00,5.8,tp
orb,BUY,2024-11-20 16:25:00,2024-11-20 16:55:00,0.05,sl
orb,BUY,2024-11-21 08:20:00,2024-11-21 10:20:00,5.09,tp
orb,SELL,2024-11-25 05:20:00,2024-11-25 05:25:00,10.84,tp
orb,BUY,2024-11-26 12:40:00,2024-11-26 15:05:00,7.81,tp
orb,BUY,2024-11-27 14:15:00,2024-11-27 14:50:00,-3.59,sl
orb,BUY,2024-11-28 08:50:00,2024-11-28 10:50:00,6.55,tp
orb,SELL,2024-12-02 07:25:00,2024-12-02 07:40:00,-4.16,sl
orb,BUY,2024-12-03 08:15:00,2024-12-03 08:45:00,0.05,sl
orb,SELL,2024-12-04 14:55:00,2024-12-04 15:05:00,0.05,sl
orb,BUY,2024-12-04 16:30:00,2024-12-05 03:45:00,-6.44,sl
orb,SELL,2024-12-05 17:00:00,2024-12-05 17:50:00,0.05,sl
orb,BUY,2024-12-06 11:00:00,2024-12-06 11:25:00,-3.56,sl
orb,BUY,2024-12-09 09:35:00,2024-12-09 10:35:00,-3.74,sl
orb,BUY,2024-12-10 12:40:00,2024-12-10 15:15:00,0.05,sl
orb,BUY,2024-12-11 16:55:00,2024-12-11 17:40:00,10.37,tp
orb,SELL,2024-12-12 16:00:00,2024-12-12 16:20:00,11.11,tp
orb,SELL,2024-12-13 11:00:00,2024-12-13 12:55:00,7.93,tp
orb,BUY,2024-12-16 09:45:00,2024-12-16 10:00:00,-2.61,sl
orb,SELL,2024-12-18 10:05:00,2024-12-18 10:15:00,-2.84,sl
orb,BUY,2024-12-19 09:25:00,2024-12-19 10:00:00,-4.59,sl
orb,BUY,2024-12-20 08:30:00,2024-12-20 09:30:00,0.05,sl
orb,SELL,2024-12-23 13:10:00,2024-12-23 14:10:00,0.05,sl
orb,SELL,2024-12-24 13:30:00,2024-12-24 13:50:00,-2.53,sl
orb,BUY,2024-12-26 13:10:00,2024-12-26 13:50:00,-2.07,sl
orb,BUY,2024-12-27 08:25:00,2024-12-27 09:40:00,0.05,sl
orb,SELL,2024-12-27 10:10:00,2024-12-27 13:45:00,0.05,sl
orb,SELL,2024-12-30 08:45:00,2024-12-30 09:20:00,0.05,sl
orb,BUY,2024-12-31 17:15:00,2024-12-31 17:50:00,7.19,tp
orb,BUY,2025-01-02 07:45:00,2025-01-02 08:00:00,-2.09,sl
orb,SELL,2025-01-03 15:25:00,2025-01-03 15:40:00,6.42,tp
orb,BUY,2025-01-06 13:35:00,2025-01-06 14:10:00,-4.79,sl
orb,SELL,2025-01-06 15:45:00,2025-01-06 16:25:00,0.05,sl
orb,BUY,2025-01-07 13:10:00,2025-01-07 13:15:00,-2.75,sl
orb,BUY,2025-01-09 12:40:00,2025-01-09 14:30:00,5.44,tp
orb,SELL,2025-01-13 12:05:00,2025-01-13 14:15:00,8.51,tp
orb,SELL,2025-01-14 15:40:00,2025-01-14 16:55:00,0.05,sl
orb,BUY,2025-01-15 08:00:00,2025-01-15 08:20:00,3.37,tp
orb,SELL,2025-01-16 08:15:00,2025-01-16 08:40:00,-2.6,sl
orb,BUY,2025-01-16 10:20:00,2025-01-16 10:50:00,-3.41,sl
orb,SELL,2025-01-17 09:50:00,2025-01-17 10:45:00,-2.75,sl
orb,BUY,2025-01-21 16:45:00,2025-01-21 18:15:00,7.84,tp
orb,BUY,2025-01-22 11:25:00,2025-01-22 12:50:00,0.05,sl
orb,SELL,2025-01-23 11:25:00,2025-01-23 11:50:00,0.05,sl
orb,BUY,2025-01-24 08:10:00,2025-01-24 08:45:00,-3.64,sl
orb,SELL,2025-01-27 07:45:00,2025-01-27 08:40:00,0.05,sl
orb,SELL,2025-01-28 10:20:00,2025-01-28 10:40:00,0.05,sl
orb,BUY,2025-01-28 15:00:00,2025-01-28 16:00:00,4.67,tp
orb,SELL,2025-01-29 12:50:00,2025-01-29 15:15:00,4.89,tp
orb,BUY,2025-01-30 06:05:00,2025-01-30 06:40:00,-1.99,sl
orb,BUY,2025-01-31 09:30:00,2025-01-31 10:05:00,-3.08,sl
orb,SELL,2025-01-31 11:00:00,2025-01-31 11:35:00,-3.38,sl
orb,BUY,2025-02-03 14:40:00,2025-02-03 16:30:00,7.6,tp
orb,SELL,2025-02-04 09:25:00,2025-02-04 09:50:00,-3.65,sl
orb,BUY,2025-02-04 15:15:00,2025-02-04 15:20:00,6.45,tp
orb,BUY,2025-02-05 17:30:00,2025-02-05 18:05:00,-6.24,sl
orb,SELL,2025-02-06 08:50:00,2025-02-06 09:00:00,0.05,sl
orb,BUY,2025-02-07 11:15:00,2025-02-07 12:15:00,-3.61,sl
orb,SELL,2025-02-07 15:35:00,2025-02-07 15:35:00,-6.58,sl
orb,BUY,2025-02-10 06:15:00,2025-02-10 08:10:00,5.65,tp
orb,SELL,2025-02-11 11:05:00,2025-02-11 14:05:00,11.39,tp
orb,SELL,2025-02-12 07:30:00,2025-02-12 08:10:00,-3.85,sl
orb,SELL,2025-02-14 15:45:00,2025-02-14 16:15:00,-6.78,sl
orb,BUY,2025-02-17 11:20:00,2025-02-17 12:25:00,-4.67,sl
orb,BUY,2025-02-18 14:45:00,2025-02-18 15:10:00,-3.02,sl
orb,BUY,2025-02-19 10:35:00,2025-02-19 11:15:00,5.47,tp
orb,SELL,2025-02-20 16:05:00,2025-02-20 16:35:00,-6.83,sl
orb,SELL,2025-02-21 07:10:00,2025-02-21 07:45:00,-4.4,sl
orb,BUY,2025-02-24 09:55:00,2025-02-24 10:40:00,-3.56,sl
orb,SELL,2025-02-25 14:35:00,2025-02-25 15:10:00,-4.73,sl
orb,SELL,2025-02-26 16:00:00,2025-02-26 16:05:00,7.82,tp
orb,SELL,2025-02-27 16:50:00,2025-02-27 17:00:00,-9.05,sl
orb,SELL,2025-02-28 10:05:00,2025-02-28 11:00:00,0.05,sl
orb,BUY,2025-03-03 14:35:00,2025-03-03 15:05:00,-3.18,sl
orb,BUY,2025-03-04 07:25:00,2025-03-04 07:45:00,-2.93,sl
orb,BUY,2025-03-05 08:00:00,2025-03-05 08:40:00,-3.57,sl
orb,SELL,2025-03-05 15:45:00,2025-03-05 16:30:00,-7.67,sl
orb,BUY,2025-03-07 08:35:00,2025-03-07 10:05:00,5.45,tp
orb,BUY,2025-03-11 08:35:00,2025-03-11 10:30:00,6.47,tp
orb,SELL,2025-03-12 15:25:00,2025-03-12 15:45:00,-6.12,sl
orb,BUY,2025-03-12 17:15:00,2025-03-12 18:25:00,9.7,tp
orb,SELL,2025-03-13 09:30:00,2025-03-13 10:10:00,-3.02,sl
orb,BUY,2025-03-13 11:25:00,2025-03-13 12:15:00,-3.67,sl
orb,SELL,2025-03-14 17:05:00,2025-03-14 18:20:00,-7.16,sl
orb,BUY,2025-03-17 11:40:00,2025-03-17 13:00:00,4.91,tp
orb,SELL,2025-03-21 15:40:00,2025-03-21 15:55:00,11.75,tp
orb,BUY,2025-03-24 09:10:00,2025-03-24 09:25:00,0.05,sl
orb,SELL,2025-03-24 16:35:00,2025-03-24 22:20:00,0.05,sl
orb,BUY,2025-03-25 10:50:00,2025-03-25 12:30:00,0.05,sl
orb,SELL,2025-03-26 17:05:00,2025-03-26 17:15:00,-5.33,sl
orb,BUY,2025-03-27 12:00:00,2025-03-27 12:15:00,6.41,tp
orb,BUY,2025-03-28 07:35:00,2025-03-28 08:00:00,-0.84,gap
orb,SELL,2025-04-03 09:30:00,2025-04-03 09:50:00,-8.63,sl
orb,SELL,2025-04-04 11:20:00,2025-04-04 12:00:00,0.05,sl
orb,BUY,2025-04-08 08:20:00,2025-04-08 09:20:00,10.38,tp
orb,BUY,2025-04-09 14:20:00,2025-04-09 15:20:00,0.05,sl
orb,BUY,2025-04-10 15:35:00,2025-04-10 16:30:00,0.05,sl
orb,SELL,2025-04-14 13:25:00,2025-04-14 13:50:00,-7.76,sl
orb,SELL,2025-04-17 10:15:00,2025-04-17 10:35:00,0.05,sl
orb,SELL,2025-04-25 06:50:00,2025-04-25 06:55:00,13.9,tp
orb,SELL,2025-04-29 15:25:00,2025-04-29 16:05:00,-7.1,sl
orb,SELL,2025-04-30 11:10:00,2025-04-30 11:10:00,13.76,tp
orb,SELL,2025-05-01 12:45:00,2025-05-01 13:35:00,0.05,sl
orb,BUY,2025-05-05 11:30:00,2025-05-05 11:55:00,10.51,tp
orb,BUY,2025-05-06 15:40:00,2025-05-06 16:35:00,0.05,sl
orb,SELL,2025-05-08 08:55:00,2025-05-08 09:15:00,18.73,tp
orb,BUY,2025-05-09 14:30:00,2025-05-09 14:30:00,-7.54,sl
orb,SELL,2025-05-12 10:05:00,2025-05-12 10:25:00,19.3,tp
orb,SELL,2025-05-14 15:00:00,2025-05-14 15:15:00,11.56,tp
orb,BUY,2025-05-15 16:10:00,2025-05-15 18:05:00,16.1,tp
orb,SELL,2025-05-16 10:25:00,2025-05-16 11:35:00,0.05,sl
orb,BUY,2025-05-20 12:00:00,2025-05-20 15:35:00,12.11,tp
orb,BUY,2025-05-21 08:50:00,2025-05-21 10:10:00,0.05,sl
orb,SELL,2025-05-22 11:35:00,2025-05-22 13:05:00,12.18,tp
orb,BUY,2025-05-23 07:20:00,2025-05-23 08:20:00,9.62,tp
orb,SELL,2025-05-26 11:45:00,2025-05-26 12:25:00,9.75,tp
orb,SELL,2025-05-27 08:00:00,2025-05-27 08:45:00,7.75,tp
orb,BUY,2025-05-28 10:45:00,2025-05-28 11:20:00,0.05,sl
orb,BUY,2025-05-29 13:25:00,2025-05-29 15:15:00,10.04,tp
orb,SELL,2025-05-30 15:15:00,2025-05-30 16:45:00,16.11,tp
orb,BUY,2025-06-02 08:00:00,2025-06-02 08:40:00,7.74,tp
orb,SELL,2025-06-03 15:10:00,2025-06-03 15:25:00,0.05,sl
orb,SELL,2025-06-04 14:30:00,2025-06-04 15:15:00,-5.78,sl
orb,BUY,2025-06-04 17:35:00,2025-06-04 18:10:00,0.05,sl
orb,BUY,2025-06-05 12:25:00,2025-06-05 12:35:00,0.05,sl
orb,SELL,2025-06-06 15:35:00,2025-06-06 15:45:00,0.05,sl
orb,BUY,2025-06-09 09:50:00,2025-06-09 10:40:00,0.05,sl
orb,BUY,2025-06-10 09:35:00,2025-06-10 11:45:00,0.05,sl
orb,BUY,2025-06-11 15:35:00,2025-06-11 15:50:00,-8.76,sl
orb,SELL,2025-06-12 10:40:00,2025-06-12 11:15:00,0.05,sl
orb,BUY,2025-06-12 13:30:00,2025-06-12 14:35:00,0.05,sl
orb,SELL,2025-06-16 16:20:00,2025-06-16 16:40:00,12.14,tp
orb,SELL,2025-06-17 17:40:00,2025-06-17 17:50:00,-10.03,sl
orb,SELL,2025-06-19 08:50:00,2025-06-19 09:00:00,8.81,tp
orb,BUY,2025-06-20 16:55:00,2025-06-20 21:15:00,-6.91,sl
orb,SELL,2025-06-23 08:35:00,2025-06-23 08:50:00,-4.8,gap
orb,SELL,2025-06-24 08:45:00,2025-06-24 09:00:00,0.05,sl
orb,BUY,2025-06-25 10:45:00,2025-06-25 10:50:00,-4.58,sl
orb,SELL,2025-06-25 15:45:00,2025-06-25 17:05:00,0.05,sl
orb,BUY,2025-06-26 10:10:00,2025-06-26 11:55:00,7.52,tp
orb,SELL,2025-06-26 15:50:00,2025-06-26 16:05:00,12.87,tp
orb,BUY,2025-06-30 05:10:00,2025-06-30 09:35:00,12.16,tp
orb,SELL,2025-07-02 10:15:00,2025-07-02 10:45:00,-4.48,sl
orb,BUY,2025-07-02 13:40:00,2025-07-02 14:45:00,-3.65,sl
orb,SELL,2025-07-07 10:50:00,2025-07-07 11:20:00,-5.16,sl
orb,SELL,2025-07-08 11:10:00,2025-07-08 13:20:00,8.01,tp
orb,SELL,2025-07-09 11:25:00,2025-07-09 13:05:00,-5.32,sl
orb,BUY,2025-07-09 17:20:00,2025-07-09 18:35:00,0.05,sl
orb,BUY,2025-07-10 09:20:00,2025-07-10 10:40:00,-3.93,sl
orb,SELL,2025-07-10 17:00:00,2025-07-10 17:15:00,-7.12,sl
orb,BUY,2025-07-11 08:25:00,2025-07-11 08:40:00,-3.37,sl
orb,BUY,2025-07-14 10:30:00,2025-07-14 11:20:00,-5.47,sl
orb,SELL,2025-07-14 15:40:00,2025-07-14 16:30:00,-5.59,sl
orb,SELL,2025-07-15 16:30:00,2025-07-15 17:00:00,-7.33,sl
orb,SELL,2025-07-16 16:50:00,2025-07-16 17:50:00,-6.68,sl
orb,BUY,2025-07-21 08:00:00,2025-07-21 08:10:00,4.66,tp
orb,SELL,2025-07-22 08:55:00,2025-07-22 11:15:00,-3.11,sl
orb,BUY,2025-07-22 15:45:00,2025-07-22 16:05:00,7.83,tp
orb,SELL,2025-07-23 08:45:00,2025-07-23 09:00:00,-3.64,sl
orb,SELL,2025-07-28 16:35:00,2025-07-28 16:50:00,9.49,tp
orb,BUY,2025-07-29 09:20:00,2025-07-29 09:35:00,-3.74,sl
orb,BUY,2025-07-30 13:00:00,2025-07-30 13:45:00,-3.95,sl
orb,SELL,2025-07-30 15:50:00,2025-07-30 16:10:00,10.83,tp
orb,BUY,2025-08-01 13:55:00,2025-08-01 15:30:00,7.35,tp
orb,BUY,2025-08-04 14:20:00,2025-08-04 15:25:00,0.05,sl
orb,BUY,2025-08-07 09:45:00,2025-08-07 10:25:00,7.51,tp
orb,SELL,2025-08-08 14:25:00,2025-08-08 14:45:00,-5.35,sl
orb,SELL,2025-08-11 09:30:00,2025-08-11 10:25:00,0.05,sl
orb,SELL,2025-08-12 09:25:00,2025-08-12 09:35:00,-4.96,sl
orb,BUY,2025-08-12 10:40:00,2025-08-12 11:20:00,-5.82,sl
orb,BUY,2025-08-13 09:15:00,2025-08-13 10:25:00,6.59,tp
orb,SELL,2025-08-14 10:45:00,2025-08-14 11:00:00,9.19,tp
orb,BUY,2025-08-19 10:15:00,2025-08-19 15:05:00,0.05,sl
orb,SELL,2025-08-19 16:15:00,2025-08-19 16:30:00,-4.44,sl
orb,BUY,2025-08-20 13:35:00,2025-08-20 14:55:00,4.83,tp
orb,SELL,2025-08-21 13:40:00,2025-08-21 14:00:00,6.3,tp
orb,SELL,2025-08-22 15:15:00,2025-08-22 15:15:00,-3.36,sl
orb,BUY,2025-08-22 17:05:00,2025-08-22 17:15:00,14.78,tp
orb,BUY,2025-08-25 14:50:00,2025-08-25 15:30:00,-2.69,sl
orb,BUY,2025-08-28 11:40:00,2025-08-28 13:00:00,-3.55,sl
orb,BUY,2025-09-01 09:25:00,2025-09-01 09:55:00,-5.88,sl
orb,SELL,2025-09-02 10:55:00,2025-09-02 11:45:00,-6.9,sl
orb,BUY,2025-09-02 17:45:00,2025-09-02 20:30:00,18.34,tp
orb,BUY,2025-09-03 14:15:00,2025-09-03 15:20:00,-4.94,sl
orb,BUY,2025-09-05 15:35:00,2025-09-05 15:45:00,0.05,sl
orb,BUY,2025-09-09 16:30:00,2025-09-09 17:00:00,0.05,sl
orb,SELL,2025-09-11 15:35:00,2025-09-11 16:20:00,15.66,tp
orb,BUY,2025-09-15 15:50:00,2025-09-15 16:35:00,9.15,tp
orb,BUY,2025-09-16 09:45:00,2025-09-16 10:10:00,0.05,sl
orb,SELL,2025-09-17 09:35:00,2025-09-17 09:50:00,0.05,sl
orb,SELL,2025-09-18 08:15:00,2025-09-18 08:25:00,-3.91,sl
orb,BUY,2025-09-18 12:30:00,2025-09-18 13:15:00,-5.5,sl
orb,BUY,2025-09-19 17:00:00,2025-09-19 17:15:00,-6.19,sl
orb,BUY,2025-09-23 11:30:00,2025-09-23 11:40:00,9.62,tp
orb,SELL,2025-09-24 17:55:00,2025-09-24 19:15:00,14.63,tp
orb,BUY,2025-09-25 10:40:00,2025-09-25 11:15:00,9.67,tp
orb,SELL,2025-09-25 16:45:00,2025-09-25 18:15:00,-11.0,sl
orb,BUY,2025-09-26 15:35:00,2025-09-26 16:10:00,10.33,tp
orb,BUY,2025-09-29 14:20:00,2025-09-29 15:15:00,0.05,sl
orb,SELL,2025-10-01 09:25:00,2025-10-01 09:40:00,-6.09,sl
orb,BUY,2025-10-01 10:55:00,2025-10-01 11:15:00,13.01,tp
orb,BUY,2025-10-02 08:30:00,2025-10-02 09:45:00,0.05,sl
orb,SELL,2025-10-02 17:40:00,2025-10-02 18:00:00,0.05,sl
orb,BUY,2025-10-03 10:45:00,2025-10-03 12:15:00,-5.05,sl
orb,BUY,2025-10-06 17:05:00,2025-10-06 19:05:00,18.67,tp
orb,SELL,2025-10-07 09:55:00,2025-10-07 10:35:00,0.05,sl
orb,BUY,2025-10-07 15:55:00,2025-10-07 16:20:00,0.05,sl
orb,BUY,2025-10-09 14:05:00,2025-10-09 14:15:00,-5.33,sl
orb,SELL,2025-10-10 07:10:00,2025-10-10 07:45:00,-10.42,sl
orb,BUY,2025-10-10 11:50:00,2025-10-10 12:15:00,0.05,sl
orb,BUY,2025-10-13 08:05:00,2025-10-13 08:30:00,13.05,tp
orb,BUY,2025-10-16 13:05:00,2025-10-16 15:35:00,0.05,sl
orb,BUY,2025-10-20 15:00:00,2025-10-20 15:20:00,16.58,tp
orb,SELL,2025-10-21 08:15:00,2025-10-21 08:30:00,14.51,tp
orb,BUY,2025-10-22 06:40:00,2025-10-22 07:10:00,-17.41,sl
orb,BUY,2025-10-23 09:05:00,2025-10-23 09:20:00,0.05,sl
orb,SELL,2025-10-24 07:25:00,2025-10-24 08:00:00,-9.22,sl
orb,SELL,2025-10-27 10:55:00,2025-10-27 13:35:00,22.67,tp
orb,SELL,2025-10-28 06:25:00,2025-10-28 08:25:00,20.26,tp
orb,BUY,2025-10-29 08:50:00,2025-10-29 09:55:00,17.7,tp
orb,BUY,2025-10-30 11:05:00,2025-10-30 11:15:00,21.64,tp
orb,BUY,2025-11-03 17:05:00,2025-11-03 17:25:00,-10.83,sl
orb,SELL,2025-11-04 07:50:00,2025-11-04 08:40:00,0.05,sl
orb,BUY,2025-11-06 13:45:00,2025-11-06 14:20:00,-5.44,sl
orb,BUY,2025-11-07 08:50:00,2025-11-07 09:25:00,0.05,sl
orb,SELL,2025-11-11 17:25:00,2025-11-11 17:45:00,0.05,sl
orb,BUY,2025-11-12 17:15:00,2025-11-12 17:50:00,22.67,tp
orb,BUY,2025-11-13 10:00:00,2025-11-13 10:15:00,14.11,tp
orb,SELL,2025-11-14 08:55:00,2025-11-14 09:40:00,0.05,sl
orb,SELL,2025-11-17 05:05:00,2025-11-17 07:30:00,20.52,tp
orb,BUY,2025-11-18 15:40:00,2025-11-18 16:50:00,0.05,sl
orb,BUY,2025-11-19 11:45:00,2025-11-19 11:55:00,15.71,tp
orb,SELL,2025-11-20 10:25:00,2025-11-20 10:35:00,-12.5,sl
orb,BUY,2025-11-24 14:45:00,2025-11-24 15:40:00,0.05,sl
orb,SELL,2025-11-25 10:40:00,2025-11-25 10:50:00,15.67,tp
orb,BUY,2025-11-26 13:35:00,2025-11-26 14:25:00,-6.51,sl
orb,SELL,2025-11-28 10:30:00,2025-11-28 10:30:00,-8.08,sl
orb,BUY,2025-11-28 16:20:00,2025-11-28 17:00:00,0.05,sl
orb,BUY,2025-12-01 12:05:00,2025-12-01 13:05:00,-8.31,sl
orb,SELL,2025-12-02 11:35:00,2025-12-02 13:20:00,0.05,sl
orb,SELL,2025-12-03 09:30:00,2025-12-03 10:40:00,-6.79,sl
orb,BUY,2025-12-03 15:55:00,2025-12-03 16:05:00,-8.73,sl
orb,BUY,2025-12-05 15:05:00,2025-12-05 15:30:00,10.95,tp
orb,SELL,2025-12-08 17:05:00,2025-12-08 17:20:00,0.05,sl
orb,BUY,2025-12-11 17:45:00,2025-12-11 18:45:00,20.32,tp
orb,BUY,2025-12-12 09:10:00,2025-12-12 10:30:00,8.8,tp
orb,BUY,2025-12-16 16:05:00,2025-12-16 17:05:00,17.09,tp
orb,BUY,2025-12-17 16:00:00,2025-12-17 16:10:00,-8.97,sl
orb,SELL,2025-12-18 11:00:00,2025-12-18 12:40:00,0.05,sl
orb,BUY,2025-12-18 15:55:00,2025-12-18 16:25:00,-9.12,sl
orb,BUY,2025-12-19 16:40:00,2025-12-19 16:45:00,-8.82,sl
orb,BUY,2025-12-22 15:05:00,2025-12-22 15:20:00,0.05,sl
orb,SELL,2025-12-23 16:40:00,2025-12-23 17:00:00,26.57,tp
orb,SELL,2025-12-24 16:55:00,2025-12-24 18:00:00,0.05,sl
orb,BUY,2025-12-26 16:35:00,2025-12-26 16:40:00,-10.08,sl
orb,SELL,2025-12-29 09:00:00,2025-12-29 09:00:00,29.12,tp
orb,SELL,2025-12-31 07:45:00,2025-12-31 07:50:00,24.73,tp
orb,BUY,2026-01-05 08:30:00,2026-01-05 13:25:00,0.05,sl
orb,BUY,2026-01-06 16:35:00,2026-01-06 17:10:00,0.05,sl
orb,SELL,2026-01-07 07:35:00,2026-01-07 07:55:00,0.05,sl
orb,SELL,2026-01-08 14:05:00,2026-01-08 14:25:00,0.05,sl
orb,BUY,2026-01-09 15:35:00,2026-01-09 17:20:00,22.78,tp
orb,BUY,2026-01-12 15:10:00,2026-01-12 15:50:00,14.95,tp
orb,SELL,2026-01-13 08:45:00,2026-01-13 09:05:00,-8.96,sl
orb,BUY,2026-01-13 15:35:00,2026-01-13 16:30:00,0.05,sl
orb,BUY,2026-01-14 15:00:00,2026-01-14 15:05:00,-7.91,sl
orb,SELL,2026-01-16 15:20:00,2026-01-16 15:35:00,-10.27,sl
orb,BUY,2026-01-20 05:45:00,2026-01-20 06:30:00,10.24,tp
orb,BUY,2026-01-22 09:10:00,2026-01-22 10:10:00,-8.94,sl
orb,SELL,2026-01-23 10:25:00,2026-01-23 11:50:00,0.05,sl
orb,BUY,2026-01-26 08:50:00,2026-01-26 08:55:00,-17.01,sl
orb,BUY,2026-02-06 14:10:00,2026-02-06 14:20:00,-20.67,sl
orb,BUY,2026-02-09 17:35:00,2026-02-09 19:50:00,0.05,sl
orb,BUY,2026-02-10 16:35:00,2026-02-10 16:40:00,-17.97,sl
orb,SELL,2026-02-12 17:00:00,2026-02-12 17:10:00,-18.55,sl
orb,BUY,2026-02-13 15:35:00,2026-02-13 15:45:00,-19.16,sl
orb,SELL,2026-02-17 07:20:00,2026-02-17 07:30:00,29.87,tp
orb,BUY,2026-02-18 15:00:00,2026-02-18 15:35:00,20.44,tp
orb,BUY,2026-02-19 07:05:00,2026-02-19 08:25:00,13.56,tp
orb,BUY,2026-02-20 15:55:00,2026-02-20 17:00:00,0.05,sl
orb,BUY,2026-02-23 16:40:00,2026-02-23 17:00:00,0.05,sl
orb,SELL,2026-02-24 14:55:00,2026-02-24 15:00:00,-12.7,sl
orb,BUY,2026-02-26 06:15:00,2026-02-26 07:35:00,0.05,sl
orb,BUY,2026-02-27 08:00:00,2026-02-27 08:50:00,-7.95,sl
orb,SELL,2026-02-27 11:50:00,2026-02-27 12:15:00,0.05,sl
orb,BUY,2026-03-02 09:10:00,2026-03-02 10:40:00,0.05,sl
orb,SELL,2026-03-03 07:55:00,2026-03-03 08:10:00,36.35,tp
orb,BUY,2026-03-04 12:10:00,2026-03-04 14:15:00,-15.65,sl
orb,SELL,2026-03-06 14:00:00,2026-03-06 14:15:00,-16.12,sl
orb,BUY,2026-03-09 07:50:00,2026-03-09 08:35:00,-20.7,sl
orb,BUY,2026-03-10 10:35:00,2026-03-10 12:25:00,-11.17,sl
orb,SELL,2026-03-11 09:40:00,2026-03-11 09:50:00,-10.45,sl
orb,BUY,2026-03-12 09:45:00,2026-03-12 10:20:00,0.05,sl
orb,SELL,2026-03-12 17:15:00,2026-03-12 20:50:00,33.36,tp
orb,SELL,2026-03-13 08:30:00,2026-03-13 09:15:00,18.06,tp
orb,BUY,2026-03-16 08:20:00,2026-03-16 08:40:00,-11.13,sl
orb,SELL,2026-03-17 12:45:00,2026-03-17 13:15:00,-11.04,sl
orb,SELL,2026-03-19 08:00:00,2026-03-19 08:00:00,-12.07,sl
orb,SELL,2026-03-26 07:35:00,2026-03-26 07:45:00,24.12,tp
orb,BUY,2026-03-30 06:25:00,2026-03-30 07:05:00,-21.29,sl
orb,BUY,2026-04-01 09:50:00,2026-04-01 10:45:00,0.05,sl
orb,SELL,2026-04-02 08:35:00,2026-04-02 08:45:00,34.31,tp
orb,BUY,2026-04-07 11:25:00,2026-04-07 12:40:00,-18.21,sl
orb,BUY,2026-04-09 11:45:00,2026-04-09 14:45:00,22.89,tp
orb,SELL,2026-04-10 11:50:00,2026-04-10 12:05:00,-10.67,sl
orb,BUY,2026-04-10 15:35:00,2026-04-10 15:45:00,-12.44,sl
orb,BUY,2026-04-13 09:00:00,2026-04-13 10:05:00,0.05,sl
orb,BUY,2026-04-14 09:55:00,2026-04-14 10:05:00,15.63,tp
orb,BUY,2026-04-16 08:10:00,2026-04-16 08:30:00,-6.03,sl
orb,SELL,2026-04-16 17:00:00,2026-04-16 18:00:00,0.05,sl
orb,BUY,2026-04-17 07:45:00,2026-04-17 08:45:00,-5.89,sl
orb,BUY,2026-04-20 15:20:00,2026-04-20 15:25:00,-10.57,sl
orb,SELL,2026-04-21 15:35:00,2026-04-21 16:10:00,21.42,tp
orb,SELL,2026-04-23 08:35:00,2026-04-23 08:50:00,-9.11,sl
orb,BUY,2026-04-24 14:25:00,2026-04-24 15:45:00,-13.99,sl
orb,SELL,2026-04-29 10:20:00,2026-04-29 11:35:00,16.22,tp
orb,BUY,2026-04-30 09:55:00,2026-04-30 10:55:00,17.65,tp
orb,SELL,2026-05-04 09:10:00,2026-05-04 11:00:00,20.08,tp
orb,BUY,2026-05-07 09:35:00,2026-05-07 10:00:00,0.05,sl
orb,BUY,2026-05-08 09:30:00,2026-05-08 09:45:00,-11.82,sl
orb,SELL,2026-05-11 07:35:00,2026-05-11 08:50:00,18.43,tp
orb,BUY,2026-05-11 16:05:00,2026-05-11 16:20:00,23.27,tp
orb,SELL,2026-05-12 13:40:00,2026-05-12 14:10:00,-10.86,sl
orb,SELL,2026-05-13 12:25:00,2026-05-13 12:45:00,-8.27,sl
orb,SELL,2026-05-14 16:45:00,2026-05-14 17:15:00,-15.43,sl
orb,SELL,2026-05-15 16:40:00,2026-05-15 16:50:00,-0.43,gap
orb,BUY,2026-05-18 10:35:00,2026-05-18 10:50:00,-13.42,sl
orb,SELL,2026-05-19 13:45:00,2026-05-19 13:55:00,-11.19,sl
orb,BUY,2026-05-20 17:25:00,2026-05-20 17:55:00,28.13,tp
orb,SELL,2026-05-22 09:00:00,2026-05-22 09:05:00,-10.29,sl
orb,SELL,2026-05-27 07:00:00,2026-05-27 07:40:00,-7.26,sl
orb,BUY,2026-05-28 17:15:00,2026-05-28 19:40:00,39.71,tp
orb,BUY,2026-05-29 09:05:00,2026-05-29 09:15:00,-9.03,sl
orb,SELL,2026-06-01 07:50:00,2026-06-01 08:10:00,-7.77,sl
orb,SELL,2026-06-03 08:35:00,2026-06-03 09:00:00,0.05,sl
orb,BUY,2026-06-04 14:30:00,2026-06-04 14:55:00,18.59,tp
orb,SELL,2026-06-05 15:55:00,2026-06-05 16:05:00,0.05,sl
orb,SELL,2026-06-08 08:35:00,2026-06-08 09:00:00,-15.69,sl
orb,BUY,2026-06-09 16:50:00,2026-06-09 16:50:00,-15.74,sl
orb,SELL,2026-06-09 17:20:00,2026-06-09 17:45:00,30.99,tp
orb,SELL,2026-06-10 11:05:00,2026-06-10 11:40:00,-15.12,sl
orb,SELL,2026-06-12 09:00:00,2026-06-12 09:10:00,-12.05,sl
orb,BUY,2026-06-15 11:35:00,2026-06-15 14:45:00,-10.9,sl
orb,BUY,2026-06-16 10:55:00,2026-06-16 11:55:00,13.8,tp
orb,SELL,2026-06-17 07:30:00,2026-06-17 08:30:00,-7.42,sl
orb,BUY,2026-06-17 17:25:00,2026-06-17 17:45:00,-11.31,sl
orb,SELL,2026-06-18 14:10:00,2026-06-18 15:15:00,-11.05,sl
orb,SELL,2026-06-24 14:10:00,2026-06-24 14:35:00,0.05,sl
orb,BUY,2026-06-25 15:55:00,2026-06-25 16:30:00,0.05,sl
orb,SELL,2026-06-26 05:55:00,2026-06-26 06:10:00,-13.31,sl
orb,BUY,2026-06-26 10:30:00,2026-06-26 11:00:00,-10.8,sl
orb,SELL,2026-06-29 08:05:00,2026-06-29 08:50:00,0.05,sl
orb,BUY,2026-06-30 09:35:00,2026-06-30 11:50:00,-16.58,sl
orb,SELL,2026-07-01 08:15:00,2026-07-01 09:40:00,0.05,sl
orb,BUY,2026-07-01 14:15:00,2026-07-01 14:45:00,18.13,tp
orb,BUY,2026-07-02 15:35:00,2026-07-02 19:30:00,-18.88,sl
orb,SELL,2026-07-06 12:30:00,2026-07-06 13:30:00,-7.98,sl
orb,BUY,2026-07-07 15:10:00,2026-07-07 16:40:00,0.05,sl
orb,SELL,2026-07-08 11:20:00,2026-07-08 11:40:00,26.14,tp
orb,BUY,2026-07-09 15:10:00,2026-07-09 15:20:00,-9.19,sl
orb,SELL,2026-07-10 16:30:00,2026-07-10 16:40:00,-11.9,sl
orb,BUY,2026-07-14 15:05:00,2026-07-14 15:30:00,14.5,tp
orb,SELL,2026-07-15 10:40:00,2026-07-15 11:30:00,-8.1,sl
orb,BUY,2026-07-15 15:40:00,2026-07-15 16:10:00,0.05,sl
orb,SELL,2026-07-16 09:40:00,2026-07-16 11:00:00,-7.45,sl
orb,SELL,2026-07-17 15:45:00,2026-07-17 16:05:00,-4.62,gap
orb,BUY,2026-07-20 11:25:00,2026-07-20 11:30:00,-9.63,sl
orb,BUY,2026-07-22 16:35:00,2026-07-22 17:00:00,20.05,tp
orb,SELL,2026-07-23 11:50:00,2026-07-23 12:00:00,-9.36,sl
orb,BUY,2026-07-24 17:00:00,2026-07-24 17:15:00,-10.98,sl
orb,SELL,2026-07-28 12:40:00,2026-07-28 13:20:00,12.97,tp
orb,SELL,2026-07-29 15:35:00,2026-07-29 16:00:00,-8.08,sl
orb,BUY,2026-07-30 16:50:00,2026-07-30 17:05:00,0.05,sl
orb,SELL,2026-07-31 10:35:00,2026-07-31 11:30:00,12.16,tp
orb,SELL,2026-08-03 12:35:00,2026-08-03 12:45:00,-8.03,sl
orb,BUY,2026-08-04 11:05:00,2026-08-04 11:20:00,-7.0,sl
orb,BUY,2026-08-05 14:30:00,2026-08-05 14:55:00,15.57,tp
orb,SELL,2026-08-06 16:10:00,2026-08-06 16:20:00,-14.11,sl
orb,BUY,2026-08-10 08:55:00,2026-08-10 11:35:00,0.05,sl
orb,BUY,2026-08-12 12:20:00,2026-08-12 12:30:00,-2.56,gap
orb,BUY,2026-08-14 14:55:00,2026-08-14 15:10:00,0.05,sl
orb,BUY,2026-08-17 17:20:00,2026-08-17 21:25:00,-13.52,sl
orb,SELL,2026-08-18 16:35:00,2026-08-18 17:50:00,22.31,tp
orb,BUY,2026-08-19 10:40:00,2026-08-19 14:10:00,16.14,tp
orb,SELL,2026-08-20 08:15:00,2026-08-20 09:00:00,0.05,sl
orb,BUY,2026-08-24 09:20:00,2026-08-24 09:25:00,-13.02,sl
orb,SELL,2026-08-26 09:25:00,2026-08-26 09:45:00,-8.89,sl
orb,SELL,2026-08-27 10:30:00,2026-08-27 12:35:00,16.91,tp
orb,SELL,2026-08-28 08:40:00,2026-08-28 09:10:00,-7.33,sl
orb,BUY,2026-08-28 10:00:00,2026-08-28 10:05:00,-10.78,sl
orb,SELL,2026-09-01 11:10:00,2026-09-01 12:00:00,27.67,tp
orb,BUY,2026-09-02 15:05:00,2026-09-02 16:25:00,19.27,tp
orb,BUY,2026-09-03 15:00:00,2026-09-03 15:30:00,15.75,tp
orb,SELL,2026-09-04 15:35:00,2026-09-04 16:15:00,0.05,sl
orb,SELL,2026-09-07 09:05:00,2026-09-07 09:20:00,-9.89,sl
