initial_balance,trades,net,pf,win_rate,max_dd_usd,blocked_vs_D533_trades
400,1565,-241.15,0.914,58.47,351.6,1080
425,1744,-188.49,0.942,59.0,381.26,901
450,1595,-287.43,0.901,58.24,404.8,1050
475,1822,-238.76,0.932,58.78,407.94,823
500,1826,-262.93,0.926,58.76,428.62,819
525,2325,1151.77,1.203,61.12,445.46,320
550,2409,1127.66,1.188,60.98,402.4,236
575,2454,1104.63,1.176,61.08,418.45,191
600,2507,1160.16,1.173,61.19,429.86,138
625,2512,1141.06,1.169,61.23,441.85,133
650,2527,1147.67,1.167,61.26,444.49,118
675,2535,1096.34,1.157,61.26,451.22,110
700,2538,1099.79,1.155,61.23,468.73,107
725,2580,1240.28,1.164,61.28,477.75,65
750,2582,1223.29,1.161,61.31,480.52,63
775,2582,1188.61,1.154,61.27,505.17,63
800,2585,1177.42,1.152,61.32,521.54,60
