run_id,trades,trades_per_month,net,gross_profit,gross_loss,pf,win_rate,expectancy_usd,expectancy_R,avg_win,avg_loss,payoff,max_dd_usd,max_dd_pct,recovery_factor,sharpe_daily,sortino_daily,max_win_streak,max_loss_streak,avg_hold_hours,pct_long,long_net,short_net,yearly,exposure_pct,avg_mae,avg_mfe,risk_pct_min,risk_pct_median,risk_pct_mean,risk_pct_p90,risk_pct_max,final_bal
A_era_guard0|orb|S1_ideal8_slip0,1303,21.88,1050.97,5740.59,-4689.62,1.224,47.28,0.81,0.105,9.32,-6.83,1.365,195.51,21.08,5.38,0.535,,10,11,0.5,51.7,399.25,651.72,"{'2021': -34.05, '2022': 214.13, '2023': 35.11, '2024': 82.19, '2025': 464.41, '2026': 289.18}",1.59,-3.25,4.93,0.35,0.82,0.81,0.97,3.42,1583.97
A_era_guard0|orb|S2_est20_slip0,1303,21.88,496.07,3816.53,-3320.46,1.149,44.51,0.38,0.036,6.58,-4.59,1.433,226.82,40.69,2.19,0.212,0.035,10,11,0.6,51.7,38.54,457.53,"{'2021': -95.95, '2022': 73.98, '2023': -118.75, '2024': 13.34, '2025': 386.91, '2026': 236.54}",1.92,-3.36,4.77,0.5,0.82,0.87,1.11,5.52,1029.07
A_era_guard0|orb|S3_sp26_slip0,1303,21.88,424.04,3658.2,-3234.16,1.131,43.67,0.33,0.015,6.43,-4.41,1.459,270.1,49.99,1.57,0.169,0.021,10,11,0.6,51.7,11.91,412.13,"{'2021': -102.84, '2022': 63.45, '2023': -128.67, '2024': -9.43, '2025': 378.44, '2026': 223.09}",1.92,-3.4,4.71,0.5,0.83,0.9,1.24,5.94,957.04
A_era_guard0|orb|S4_sp8_slip10,1303,21.88,468.65,3794.26,-3325.61,1.141,25.63,0.36,0.023,11.36,-3.43,3.31,245.89,45.56,1.91,0.186,0.032,4,17,0.6,51.7,28.05,440.6,"{'2021': -97.7, '2022': 49.49, '2023': -102.45, '2024': -10.78, '2025': 384.6, '2026': 245.49}",1.81,-3.34,4.81,0.5,0.82,0.89,1.17,5.78,1001.65
A_era_guard0|orb|S5_sp26_slip10,1303,21.88,182.44,3207.0,-3024.56,1.06,23.64,0.14,-0.061,10.41,-3.04,3.425,459.58,86.23,0.4,0.023,0.002,4,17,0.6,51.7,-80.81,263.25,"{'2021': -136.49, '2022': -25.23, '2023': -136.43, '2024': -49.32, '2025': 314.24, '2026': 215.67}",1.86,-3.46,4.59,0.5,0.94,1.25,2.13,13.55,715.44
A_era_guard0|ichi|S1_ideal8_slip0,2747,46.12,1721.13,9491.86,-7770.73,1.221,56.86,0.63,0.026,6.08,-6.56,0.927,321.79,52.25,5.35,0.608,0.329,14,8,2.3,54.6,1327.72,393.41,"{'2021': -15.59, '2022': 20.87, '2023': -165.85, '2024': 82.03, '2025': 428.51, '2026': 1371.16}",14.47,-5.46,7.6,0.5,0.94,1.09,1.73,9.63,2254.13
A_era_guard0|ichi|S2_est20_slip0,2754,46.24,1240.86,9008.45,-7767.59,1.16,55.45,0.45,0.0,5.9,-6.33,0.932,450.08,78.59,2.76,0.393,0.143,12,9,2.3,54.8,985.08,255.78,"{'2021': -50.87, '2022': -38.53, '2023': -225.77, '2024': 58.36, '2025': 316.61, '2026': 1181.06}",14.25,-5.57,7.44,0.5,1.27,1.58,2.86,13.16,1773.86
A_era_guard0|ichi|S3_sp26_slip0,2762,46.37,941.07,8849.24,-7908.17,1.119,54.38,0.34,-0.02,5.89,-6.28,0.939,557.95,101.83,1.69,-0.226,-0.032,12,9,2.3,54.9,740.15,200.92,"{'2021': -67.31, '2022': -68.42, '2023': -288.15, '2024': 30.88, '2025': 226.0, '2026': 1108.07}",14.62,-5.6,7.36,0.0,1.88,4.28,7.26,663.33,1474.07
A_era_guard0|ichi|S4_sp8_slip10,2753,46.22,1094.87,8985.26,-7890.39,1.139,23.72,0.4,-0.014,13.76,-3.76,3.662,509.35,93.96,2.15,0.404,0.161,4,22,2.3,54.7,939.43,155.44,"{'2021': -64.61, '2022': -70.5, '2023': -265.17, '2024': 46.92, '2025': 272.56, '2026': 1175.67}",14.27,-5.56,7.46,0.5,1.71,2.38,4.83,24.74,1627.87
A_era_guard0|ichi|S5_sp26_slip10,2749,46.16,421.3,8806.67,-8385.37,1.05,22.66,0.15,-0.065,14.14,-3.94,3.584,910.66,168.72,0.46,-0.467,-0.062,5,23,2.3,55.1,384.16,37.14,"{'2021': -85.38, '2022': -162.19, '2023': -402.48, '2024': -109.94, '2025': 137.2, '2026': 1044.09}",14.7,-5.7,7.29,0.0,0.63,5.71,5.35,1391.3,954.3
B_repo_guard3|orb|S1_ideal8_slip0,1301,21.84,1001.99,5620.96,-4618.97,1.217,47.27,0.77,0.105,9.14,-6.73,1.357,195.51,21.08,5.13,0.535,,10,11,0.5,51.7,414.48,587.51,"{'2021': -34.05, '2022': 214.13, '2023': 35.11, '2024': 82.19, '2025': 464.41, '2026': 240.2}",1.59,-3.21,4.82,0.35,0.82,0.81,0.97,2.72,1534.99
B_repo_guard3|orb|S2_est20_slip0,1296,21.76,384.87,3568.14,-3183.27,1.121,44.52,0.3,0.034,6.18,-4.43,1.397,213.75,38.34,1.8,0.188,0.028,10,11,0.6,51.9,78.16,306.71,"{'2021': -95.95, '2022': 73.98, '2023': -118.75, '2024': 13.34, '2025': 354.31, '2026': 157.94}",1.92,-3.23,4.5,0.5,0.83,0.86,1.12,2.86,917.87
B_repo_guard3|orb|S3_sp26_slip0,1292,21.69,245.7,3322.16,-3076.46,1.08,43.65,0.19,0.011,5.89,-4.23,1.394,239.02,44.24,1.03,0.149,0.02,10,11,0.6,51.9,16.85,228.85,"{'2021': -102.84, '2022': 63.45, '2023': -128.67, '2024': -9.43, '2025': 362.65, '2026': 60.54}",1.91,-3.25,4.36,0.5,0.84,0.89,1.25,2.87,778.7
B_repo_guard3|orb|S4_sp8_slip10,1295,21.74,359.14,3545.97,-3186.83,1.113,25.56,0.28,0.021,10.71,-3.31,3.241,222.8,41.28,1.61,0.16,0.025,4,17,0.6,51.9,66.88,292.26,"{'2021': -97.7, '2022': 49.49, '2023': -102.45, '2024': -10.78, '2025': 353.78, '2026': 166.8}",1.8,-3.21,4.55,0.5,0.83,0.88,1.19,3.0,892.14
B_repo_guard3|orb|S5_sp26_slip10,1031,17.31,-388.57,1466.51,-1855.08,0.791,21.92,-0.38,-0.131,6.49,-2.3,2.816,406.22,76.22,-0.96,-0.589,-0.043,4,17,0.6,52.5,-221.39,-167.18,"{'2021': -136.49, '2022': -25.23, '2023': -136.43, '2024': -54.67, '2025': -35.75}",1.52,-2.33,2.69,0.5,0.89,1.06,1.91,2.98,144.43
B_repo_guard3|ichi|S1_ideal8_slip0,2687,45.11,1177.55,8208.56,-7031.01,1.167,56.64,0.44,0.022,5.39,-6.04,0.894,321.84,52.26,3.66,0.563,0.257,14,8,2.3,55.0,1196.8,-19.25,"{'2021': -15.59, '2022': 20.87, '2023': -165.85, '2024': 45.38, '2025': 432.96, '2026': 859.78}",14.08,-5.07,6.87,0.5,0.96,1.1,1.81,3.0,1710.55
B_repo_guard3|ichi|S2_est20_slip0,2367,39.74,357.38,5412.11,-5054.73,1.071,54.33,0.15,-0.015,4.21,-4.68,0.9,366.18,63.94,0.98,-0.018,-0.004,12,9,2.1,56.0,548.37,-190.99,"{'2021': -50.87, '2022': -38.53, '2023': -207.47, '2024': 53.05, '2025': 106.26, '2026': 494.94}",11.44,-4.12,5.1,0.5,1.19,1.37,2.44,3.0,890.38
B_repo_guard3|ichi|S3_sp26_slip0,1454,24.41,-428.86,2043.9,-2472.76,0.827,51.31,-0.29,-0.091,2.74,-3.49,0.784,450.08,82.14,-0.95,-0.959,-0.169,12,9,2.3,52.6,-148.86,-280.0,"{'2021': -67.31, '2022': -68.42, '2023': -260.82, '2024': -36.86, '2025': 4.55}",7.78,-3.07,3.31,0.5,0.96,1.2,2.17,3.0,104.14
B_repo_guard3|ichi|S4_sp8_slip10,1455,24.43,-432.76,2069.4,-2502.16,0.827,21.44,-0.3,-0.093,6.63,-2.19,3.03,444.07,81.92,-0.97,-0.992,-0.18,4,22,2.2,52.6,-147.82,-284.94,"{'2021': -64.61, '2022': -70.5, '2023': -258.11, '2024': -37.9, '2025': -1.64}",7.44,-3.03,3.37,0.5,0.97,1.2,2.19,3.0,100.24
B_repo_guard3|ichi|S5_sp26_slip10,1043,17.51,-481.69,1477.74,-1959.43,0.754,20.04,-0.46,-0.161,7.07,-2.35,3.009,490.82,90.93,-0.98,-1.297,-0.285,4,23,2.5,49.3,-171.77,-309.92,"{'2021': -85.38, '2022': -162.19, '2023': -234.12}",6.07,-3.17,3.32,0.5,1.02,1.24,2.29,3.0,51.31
C_vps_guard3|orb|S1_ideal8_slip0,1294,21.73,909.72,4609.36,-3699.64,1.246,54.4,0.7,0.081,6.55,-6.27,1.044,139.75,18.08,6.51,0.53,0.198,15,9,0.8,51.8,383.2,526.52,"{'2021': -34.64, '2022': 158.94, '2023': 38.45, '2024': 73.45, '2025': 452.98, '2026': 220.54}",2.32,-3.62,5.21,0.5,0.81,0.82,0.99,2.54,1442.72
C_vps_guard3|orb|S2_est20_slip0,1286,21.59,338.79,3548.29,-3209.5,1.106,52.02,0.26,0.022,5.3,-5.2,1.02,213.32,35.56,1.59,0.286,0.132,15,10,0.9,51.9,115.77,223.02,"{'2021': -65.47, '2022': 92.41, '2023': -68.59, '2024': -74.62, '2025': 404.65, '2026': 50.41}",2.63,-3.7,4.89,0.5,0.86,0.95,1.44,2.93,871.79
C_vps_guard3|orb|S3_sp26_slip0,1279,21.47,220.08,3284.03,-3063.95,1.072,51.06,0.17,0.001,5.03,-4.89,1.028,243.32,44.01,0.9,0.279,0.054,15,10,0.9,51.8,-3.08,223.16,"{'2021': -83.1, '2022': 71.42, '2023': -92.74, '2024': -86.85, '2025': 374.09, '2026': 37.26}",2.61,-3.68,4.78,0.5,0.89,1.02,1.66,2.98,753.08
C_vps_guard3|orb|S4_sp8_slip10,1281,21.51,232.63,3407.35,-3174.72,1.073,28.73,0.18,0.007,9.26,-3.48,2.663,245.45,42.71,0.95,0.253,0.104,4,17,0.8,51.8,13.33,219.3,"{'2021': -79.17, '2022': 80.84, '2023': -75.68, '2024': -99.64, '2025': 390.08, '2026': 16.2}",2.49,-3.63,4.85,0.5,0.88,1.0,1.59,2.95,765.63
C_vps_guard3|orb|S5_sp26_slip10,1164,19.54,-190.99,2277.45,-2468.44,0.923,26.98,-0.16,-0.066,7.25,-2.9,2.498,339.5,63.93,-0.56,-0.036,-0.004,4,17,0.9,52.6,-77.96,-113.03,"{'2021': -97.47, '2022': 42.63, '2023': -157.14, '2024': -98.75, '2025': 133.66, '2026': -13.92}",2.32,-3.18,3.8,0.5,0.94,1.21,2.29,3.0,342.01
C_vps_guard3|ichi|S1_ideal8_slip0,2591,43.5,1618.51,8832.49,-7213.98,1.224,62.72,0.62,0.04,5.44,-7.47,0.728,343.02,50.49,4.72,0.613,0.335,15,7,2.9,54.9,1320.65,297.86,"{'2021': 36.89, '2022': 9.28, '2023': -141.37, '2024': 49.81, '2025': 739.8, '2026': 924.1}",17.09,-5.67,7.52,0.5,1.0,1.14,1.85,2.99,2151.51
C_vps_guard3|ichi|S2_est20_slip0,2409,40.45,1143.41,7132.82,-5989.41,1.191,61.02,0.47,0.017,4.85,-6.38,0.761,388.28,61.11,2.94,0.221,0.049,14,8,2.7,55.8,789.47,353.94,"{'2021': 16.23, '2022': -24.27, '2023': -205.67, '2024': -20.42, '2025': 359.74, '2026': 1017.8}",14.67,-5.09,6.46,0.5,1.22,1.37,2.34,3.0,1676.41
C_vps_guard3|ichi|S3_sp26_slip0,1790,30.05,-298.76,3217.22,-3515.98,0.915,58.21,-0.17,-0.039,3.09,-4.7,0.657,476.06,75.44,-0.63,-0.415,-0.099,14,8,2.8,55.5,-49.21,-249.55,"{'2021': 12.72, '2022': -11.52, '2023': -245.16, '2024': -82.41, '2025': 27.61}",11.63,-3.75,4.04,0.5,1.02,1.31,2.52,2.99,234.24
C_vps_guard3|ichi|S4_sp8_slip10,1632,27.4,-346.42,2765.54,-3111.96,0.889,25.31,-0.21,-0.048,6.7,-2.55,2.623,467.6,77.13,-0.74,-0.735,-0.121,4,21,2.7,54.1,-2.74,-343.68,"{'2021': -4.64, '2022': -49.71, '2023': -235.15, '2024': -64.08, '2025': 7.16}",10.28,-3.53,3.89,0.5,1.07,1.31,2.43,3.0,186.58
C_vps_guard3|ichi|S5_sp26_slip10,1321,22.18,-408.58,2117.64,-2526.22,0.838,24.6,-0.31,-0.088,6.52,-2.54,2.569,483.88,79.98,-0.84,-1.049,-0.196,4,20,2.9,53.1,-157.13,-251.45,"{'2021': 3.51, '2022': -126.05, '2023': -257.04, '2024': -28.49, '2025': -0.51}",8.77,-3.54,3.61,0.5,1.17,1.36,2.41,3.0,124.42
D_vps_guard0|orb|S1_ideal8_slip0,1299,21.81,1119.58,4925.39,-3805.81,1.294,54.5,0.86,0.084,6.96,-6.44,1.08,139.75,18.08,8.01,0.53,0.198,15,9,0.8,51.7,336.93,782.65,"{'2021': -34.64, '2022': 158.94, '2023': 38.45, '2024': 73.45, '2025': 452.98, '2026': 430.4}",2.32,-3.74,5.53,0.5,0.81,0.83,0.99,4.36,1652.58
D_vps_guard0|orb|S2_est20_slip0,1299,21.81,725.83,4042.43,-3316.6,1.219,52.19,0.56,0.029,5.96,-5.34,1.116,217.86,36.32,3.33,0.299,0.138,15,10,0.9,51.7,77.5,648.33,"{'2021': -65.47, '2022': 92.41, '2023': -68.59, '2024': -51.02, '2025': 398.65, '2026': 419.85}",2.65,-3.86,5.39,0.5,0.84,0.93,1.37,6.1,1258.83
D_vps_guard0|orb|S3_sp26_slip0,1299,21.81,619.17,3866.92,-3247.75,1.191,51.12,0.48,0.008,5.82,-5.11,1.139,267.77,48.43,2.31,0.28,0.056,15,10,0.9,51.7,17.82,601.35,"{'2021': -83.1, '2022': 71.42, '2023': -92.74, '2024': -63.3, '2025': 355.03, '2026': 431.86}",2.64,-3.91,5.33,0.5,0.87,1.02,1.6,7.0,1152.17
D_vps_guard0|orb|S4_sp8_slip10,1299,21.81,669.87,3993.56,-3323.69,1.202,29.1,0.52,0.016,10.56,-3.61,2.928,248.07,43.16,2.7,0.265,0.116,4,17,0.8,51.7,50.9,618.97,"{'2021': -79.17, '2022': 80.84, '2023': -75.68, '2024': -76.09, '2025': 393.71, '2026': 426.26}",2.52,-3.83,5.41,0.5,0.86,0.98,1.49,6.55,1202.87
D_vps_guard0|orb|S5_sp26_slip10,1299,21.81,454.53,3687.76,-3233.23,1.141,27.87,0.35,-0.038,10.19,-3.45,2.952,391.6,73.74,1.16,0.192,0.035,4,17,0.9,51.7,-60.33,514.86,"{'2021': -97.47, '2022': 42.63, '2023': -157.14, '2024': -82.56, '2025': 309.87, '2026': 439.2}",2.57,-3.98,5.25,0.5,0.96,1.27,2.25,10.24,987.53
D_vps_guard0|ichi|S1_ideal8_slip0,2640,44.33,2227.44,10119.16,-7891.72,1.282,62.84,0.84,0.044,6.1,-8.04,0.758,362.02,53.29,6.15,0.597,0.433,15,7,2.9,54.7,1465.07,762.37,"{'2021': 36.89, '2022': 9.28, '2023': -155.2, '2024': 112.16, '2025': 767.78, '2026': 1456.53}",17.59,-6.11,8.16,0.5,0.96,1.12,1.78,7.85,2760.44
D_vps_guard0|ichi|S2_est20_slip0,2645,44.41,1718.09,9691.49,-7973.4,1.215,61.51,0.65,0.02,5.96,-7.83,0.761,464.85,73.16,3.7,0.474,0.173,14,8,2.8,54.9,1169.23,548.86,"{'2021': 16.23, '2022': -24.27, '2023': -219.45, '2024': 35.79, '2025': 645.48, '2026': 1264.31}",17.26,-6.21,8.0,0.5,1.22,1.48,2.61,9.63,2251.09
D_vps_guard0|ichi|S3_sp26_slip0,2634,44.22,1520.71,9594.39,-8073.68,1.188,60.86,0.58,0.011,5.99,-7.83,0.764,501.94,79.54,3.03,0.443,0.177,14,8,2.9,55.0,998.9,521.81,"{'2021': 12.72, '2022': -11.52, '2023': -258.94, '2024': 25.33, '2025': 573.53, '2026': 1179.59}",17.84,-6.28,7.99,0.5,1.31,1.63,3.05,11.15,2053.71
D_vps_guard0|ichi|S4_sp8_slip10,2645,44.41,1587.4,9654.58,-8067.18,1.197,26.99,0.6,0.011,13.52,-4.18,3.237,501.39,82.7,3.17,0.441,0.164,5,21,2.8,54.8,1145.91,441.49,"{'2021': -4.64, '2022': -49.71, '2023': -245.68, '2024': 31.11, '2025': 611.94, '2026': 1244.38}",17.26,-6.2,8.02,0.5,1.42,1.8,3.4,13.73,2120.4
D_vps_guard0|ichi|S5_sp26_slip10,2626,44.09,1086.99,9463.25,-8376.26,1.13,26.43,0.41,-0.022,13.64,-4.34,3.145,704.51,116.45,1.54,-0.375,-0.054,5,20,2.9,55.4,735.46,351.53,"{'2021': 3.51, '2022': -126.05, '2023': -323.16, '2024': -76.29, '2025': 480.55, '2026': 1128.43}",17.55,-6.4,7.92,0.0,1.64,11.91,11.66,3352.63,1619.99
C_vps_bal482|orb|S2_est20_slip0,1283,21.54,298.37,3389.68,-3091.31,1.097,51.99,0.23,0.02,5.08,-5.02,1.013,213.36,37.39,1.4,0.3,0.144,15,10,0.9,51.9,51.44,246.93,"{'2021': -52.79, '2022': 106.7, '2023': -65.07, '2024': -81.97, '2025': 398.06, '2026': -6.56}",2.62,-3.67,4.83,0.5,0.87,0.98,1.53,2.94,780.9
C_vps_bal482|ichi|S2_est20_slip0,1824,30.62,-251.74,3275.3,-3527.04,0.929,58.77,-0.14,-0.03,3.06,-4.69,0.651,415.06,71.46,-0.61,-0.147,-0.041,14,8,2.7,55.6,-47.22,-204.52,"{'2021': 10.92, '2022': -11.35, '2023': -199.39, '2024': -58.77, '2025': 6.85}",11.21,-3.76,4.09,0.5,1.12,1.36,2.45,3.0,230.79
C_vps_guard3|orb|BE_sp35,1251,21.0,54.59,2921.34,-2866.75,1.019,49.4,0.04,-0.027,4.73,-4.53,1.044,305.66,57.45,0.18,0.196,0.033,12,10,0.9,52.0,-24.51,79.1,"{'2021': -86.28, '2022': 50.88, '2023': -143.6, '2024': -98.62, '2025': 303.27, '2026': 28.94}",2.48,-3.6,4.43,0.5,0.95,1.16,2.02,2.98,587.59
C_vps_guard3|ichi|BE_sp35,1391,23.35,-409.91,2253.38,-2663.29,0.846,55.64,-0.29,-0.075,2.91,-4.32,0.674,503.75,80.43,-0.81,-1.137,-0.239,14,8,3.0,53.3,-125.95,-283.96,"{'2021': 27.11, '2022': -101.0, '2023': -263.5, '2024': -68.35, '2025': -4.17}",9.47,-3.6,3.63,0.5,1.03,1.24,2.21,2.99,123.09
C_vps_guard3|orb|BE_sp50,931,15.63,-416.04,1269.12,-1685.16,0.753,42.96,-0.45,-0.14,3.17,-3.17,1.0,417.82,78.53,-1.0,-0.77,-0.071,6,10,0.8,52.0,-248.81,-167.23,"{'2021': -115.56, '2022': -12.57, '2023': -131.06, '2024': -141.09, '2025': -15.76}",1.73,-2.68,2.6,0.5,0.89,1.1,2.05,2.99,116.96
C_vps_guard3|ichi|BE_sp50,1183,19.86,-441.69,1813.41,-2255.1,0.804,54.18,-0.37,-0.112,2.83,-4.16,0.68,485.77,84.26,-0.91,-1.211,-0.251,15,9,2.7,50.6,-168.36,-273.33,"{'2021': -15.07, '2022': -138.26, '2023': -274.1, '2024': -14.26}",7.27,-3.62,3.51,0.51,1.13,1.3,2.32,3.0,91.31
C_vps_guard3|orb|BE_sp70,840,14.1,-437.25,997.6,-1434.85,0.695,39.52,-0.52,-0.201,3.0,-2.82,1.064,440.18,82.73,-0.99,-0.68,-0.052,6,12,0.7,51.7,-257.04,-180.21,"{'2021': -148.56, '2022': -57.09, '2023': -139.97, '2024': -84.24, '2025': -7.39}",1.43,-2.65,2.31,0.5,0.96,1.18,2.12,2.97,95.75
C_vps_guard3|ichi|BE_sp70,777,13.05,-469.56,1087.05,-1556.61,0.698,50.58,-0.6,-0.174,2.77,-4.05,0.682,484.19,88.87,-0.97,-1.633,-0.335,15,7,2.5,48.8,-153.02,-316.54,"{'2021': -66.04, '2022': -318.77, '2023': -84.75}",4.53,-3.71,3.23,0.5,1.3,1.51,2.65,3.0,63.44
C_vps_guard3|orb|BE_sp100,512,8.6,-494.01,460.84,-954.85,0.483,29.69,-0.96,-0.41,3.03,-2.65,1.143,493.07,92.67,-1.0,-0.874,-0.095,6,14,0.6,49.6,-193.73,-300.28,"{'2021': -185.9, '2022': -145.2, '2023': -162.91}",0.68,-2.69,1.86,0.5,1.13,1.33,2.33,2.98,38.99
C_vps_guard3|ichi|BE_sp100,625,10.49,-480.42,823.82,-1304.24,0.632,45.6,-0.77,-0.246,2.89,-3.84,0.754,485.47,90.24,-0.99,-1.359,-0.266,17,13,2.4,49.1,-189.4,-291.02,"{'2021': -129.14, '2022': -313.06, '2023': -38.22}",3.4,-3.78,2.88,0.51,1.4,1.54,2.7,3.0,52.58
