run,entry_time,side,hypothetical_net_pnl_IF_EXECUTED,note
C533|orb|S2,2024-08-02 17:45:00,SELL,23.55,path-counterfactual only — not additive evidence
C533|orb|S2,2025-04-04 14:10:00,BUY,-12.46,path-counterfactual only — not additive evidence
C533|orb|S2,2025-04-22 16:45:00,SELL,-17.43,path-counterfactual only — not additive evidence
C533|orb|S2,2025-04-23 09:05:00,SELL,-13.09,path-counterfactual only — not additive evidence
C533|orb|S2,2025-10-17 16:40:00,SELL,45.67,path-counterfactual only — not additive evidence
C533|orb|S2,2026-01-29 17:10:00,SELL,83.14,path-counterfactual only — not additive evidence
C533|orb|S2,2026-01-30 10:35:00,SELL,97.87,path-counterfactual only — not additive evidence
C533|orb|S2,2026-02-02 07:45:00,SELL,107.58,path-counterfactual only — not additive evidence
C533|orb|S2,2026-02-03 08:20:00,BUY,50.73,path-counterfactual only — not additive evidence
C533|orb|S2,2026-02-04 17:40:00,SELL,0.05,path-counterfactual only — not additive evidence
C533|orb|S2,2026-03-20 15:55:00,SELL,48.82,path-counterfactual only — not additive evidence
C533|orb|S2,2026-03-23 07:50:00,SELL,46.21,path-counterfactual only — not additive evidence
C533|orb|S2,2026-03-23 16:30:00,BUY,-52.95,path-counterfactual only — not additive evidence
C533|ichi|S2,2022-03-08 20:45:00,BUY,0.05,path-counterfactual only — not additive evidence
C533|ichi|S2,2023-12-04 01:30:00,BUY,-13.83,path-counterfactual only — not additive evidence
C533|ichi|S2,2023-12-04 17:30:00,SELL,0.05,path-counterfactual only — not additive evidence
C533|ichi|S2,2024-03-21 04:45:00,BUY,0.05,path-counterfactual only — not additive evidence
C533|ichi|S2,2024-04-08 05:45:00,BUY,-13.56,path-counterfactual only — not additive evidence
C533|ichi|S2,2024-04-10 16:15:00,SELL,-10.93,path-counterfactual only — not additive evidence
C533|ichi|S2,2024-04-15 02:00:00,SELL,0.05,path-counterfactual only — not additive evidence
C533|ichi|S2,2024-04-16 18:30:00,BUY,0.05,path-counterfactual only — not additive evidence
C533|ichi|S2,2024-04-25 18:15:00,BUY,0.05,path-counterfactual only — not additive evidence
C533|ichi|S2,2024-05-02 17:30:00,SELL,-10.57,path-counterfactual only — not additive evidence
C533|ichi|S2,2024-05-03 16:45:00,SELL,-12.68,path-counterfactual only — not additive evidence
C533|ichi|S2,2024-05-17 19:00:00,BUY,0.05,path-counterfactual only — not additive evidence
C533|ichi|S2,2024-06-13 18:15:00,SELL,-11.32,path-counterfactual only — not additive evidence
C533|ichi|S2,2024-06-14 17:30:00,BUY,-8.74,path-counterfactual only — not additive evidence
C533|ichi|S2,2024-06-20 18:45:00,BUY,0.05,path-counterfactual only — not additive evidence
C533|ichi|S2,2024-07-11 15:45:00,BUY,0.05,path-counterfactual only — not additive evidence
C533|ichi|S2,2024-07-16 16:45:00,BUY,12.61,path-counterfactual only — not additive evidence
C533|ichi|S2,2024-07-19 17:15:00,SELL,0.05,path-counterfactual only — not additive evidence
C533|ichi|S2,2024-07-19 19:30:00,SELL,0.05,path-counterfactual only — not additive evidence
C533|ichi|S2,2024-07-25 15:45:00,SELL,0.05,path-counterfactual only — not additive evidence
C533|ichi|S2,2024-08-01 17:15:00,BUY,-9.88,path-counterfactual only — not additive evidence
C533|ichi|S2,2024-08-02 15:45:00,BUY,-9.03,path-counterfactual only — not additive evidence
C533|ichi|S2,2024-08-05 03:30:00,SELL,-12.61,path-counterfactual only — not additive evidence
C533|ichi|S2,2024-08-05 11:00:00,SELL,21.59,path-counterfactual only — not additive evidence
C533|ichi|S2,2024-08-08 18:30:00,BUY,15.78,path-counterfactual only — not additive evidence
C533|ichi|S2,2024-08-09 15:45:00,BUY,0.05,path-counterfactual only — not additive evidence
C533|ichi|S2,2024-08-13 17:30:00,BUY,0.05,path-counterfactual only — not additive evidence
C533|ichi|S2,2024-08-15 16:30:00,SELL,0.05,path-counterfactual only — not additive evidence
C533|ichi|S2,2024-08-16 17:45:00,BUY,18.23,path-counterfactual only — not additive evidence
C533|ichi|S2,2024-08-21 17:30:00,SELL,0.05,path-counterfactual only — not additive evidence
C533|ichi|S2,2024-08-23 20:00:00,BUY,0.05,path-counterfactual only — not additive evidence
C533|ichi|S2,2024-08-29 18:45:00,BUY,0.05,path-counterfactual only — not additive evidence
C533|ichi|S2,2024-08-30 18:00:00,SELL,13.59,path-counterfactual only — not additive evidence
C533|ichi|S2,2024-09-03 16:00:00,SELL,12.53,path-counterfactual only — not additive evidence
C533|ichi|S2,2024-09-06 18:00:00,SELL,18.85,path-counterfactual only — not additive evidence
C533|ichi|S2,2024-09-17 17:45:00,SELL,0.05,path-counterfactual only — not additive evidence
C533|ichi|S2,2024-09-20 17:30:00,BUY,0.05,path-counterfactual only — not additive evidence
C533|ichi|S2,2024-09-26 16:00:00,BUY,-9.38,path-counterfactual only — not additive evidence
C533|ichi|S2,2024-10-01 18:00:00,BUY,0.05,path-counterfactual only — not additive evidence
C533|ichi|S2,2024-10-02 17:30:00,BUY,-8.82,path-counterfactual only — not additive evidence
C533|ichi|S2,2024-10-07 16:30:00,SELL,0.05,path-counterfactual only — not additive evidence
C533|ichi|S2,2024-10-07 18:00:00,SELL,0.05,path-counterfactual only — not additive evidence
C533|ichi|S2,2024-10-10 19:15:00,BUY,-9.0,path-counterfactual only — not additive evidence
C533|ichi|S2,2024-10-17 19:45:00,BUY,13.19,path-counterfactual only — not additive evidence
C533|ichi|S2,2024-11-01 16:45:00,SELL,0.05,path-counterfactual only — not additive evidence
C533|ichi|S2,2024-11-06 05:30:00,SELL,-10.07,path-counterfactual only — not additive evidence
C533|ichi|S2,2024-11-06 08:15:00,SELL,14.4,path-counterfactual only — not additive evidence
C533|ichi|S2,2024-11-06 09:45:00,SELL,25.1,path-counterfactual only — not additive evidence
C533|ichi|S2,2024-11-12 10:30:00,SELL,0.05,path-counterfactual only — not additive evidence
C533|ichi|S2,2024-11-13 18:15:00,SELL,14.74,path-counterfactual only — not additive evidence
C533|ichi|S2,2024-11-25 16:15:00,SELL,17.8,path-counterfactual only — not additive evidence
C533|ichi|S2,2024-11-26 01:45:00,SELL,-10.05,path-counterfactual only — not additive evidence
C533|ichi|S2,2024-12-05 18:15:00,SELL,13.15,path-counterfactual only — not additive evidence
C533|ichi|S2,2024-12-06 16:15:00,SELL,-9.57,path-counterfactual only — not additive evidence
C533|ichi|S2,2024-12-11 15:45:00,BUY,12.85,path-counterfactual only — not additive evidence
C533|ichi|S2,2024-12-13 18:30:00,SELL,12.91,path-counterfactual only — not additive evidence
C533|ichi|S2,2024-12-30 17:15:00,SELL,0.05,path-counterfactual only — not additive evidence
C533|ichi|S2,2025-01-06 17:00:00,SELL,-12.23,path-counterfactual only — not additive evidence
C533|ichi|S2,2025-01-07 18:45:00,BUY,14.31,path-counterfactual only — not additive evidence
C533|ichi|S2,2025-02-03 20:15:00,BUY,0.05,path-counterfactual only — not additive evidence
C533|ichi|S2,2025-02-25 17:30:00,SELL,17.36,path-counterfactual only — not additive evidence
C533|ichi|S2,2025-02-27 17:15:00,SELL,-13.33,path-counterfactual only — not additive evidence
C533|ichi|S2,2025-03-10 17:15:00,SELL,15.74,path-counterfactual only — not additive evidence
C533|ichi|S2,2025-03-21 17:15:00,SELL,-10.93,path-counterfactual only — not additive evidence
C533|ichi|S2,2025-03-28 17:30:00,BUY,0.05,path-counterfactual only — not additive evidence
C533|ichi|S2,2025-04-03 01:15:00,BUY,0.05,path-counterfactual only — not additive evidence
C533|ichi|S2,2025-04-04 07:30:00,SELL,-11.2,path-counterfactual only — not additive evidence
C533|ichi|S2,2025-04-04 10:45:00,SELL,0.05,path-counterfactual only — not additive evidence
C533|ichi|S2,2025-04-07 02:30:00,SELL,-28.7,path-counterfactual only — not additive evidence
C533|ichi|S2,2025-04-07 16:45:00,SELL,-21.39,path-counterfactual only — not additive evidence
C533|ichi|S2,2025-04-09 02:15:00,SELL,0.05,path-counterfactual only — not additive evidence
C533|ichi|S2,2025-04-09 16:15:00,BUY,28.69,path-counterfactual only — not additive evidence
C533|ichi|S2,2025-04-10 05:00:00,BUY,28.3,path-counterfactual only — not additive evidence
C533|ichi|S2,2025-04-10 15:45:00,BUY,0.05,path-counterfactual only — not additive evidence
C533|ichi|S2,2025-04-10 17:15:00,BUY,29.49,path-counterfactual only — not additive evidence
C533|ichi|S2,2025-04-11 09:45:00,BUY,27.22,path-counterfactual only — not additive evidence
C533|ichi|S2,2025-04-11 15:30:00,BUY,0.05,path-counterfactual only — not additive evidence
C533|ichi|S2,2025-04-11 17:15:00,BUY,0.05,path-counterfactual only — not additive evidence
C533|ichi|S2,2025-04-11 19:45:00,BUY,0.05,path-counterfactual only — not additive evidence
C533|ichi|S2,2025-04-14 04:45:00,BUY,-14.85,path-counterfactual only — not additive evidence
C533|ichi|S2,2025-04-16 12:00:00,BUY,0.05,path-counterfactual only — not additive evidence
C533|ichi|S2,2025-04-16 18:15:00,BUY,24.22,path-counterfactual only — not additive evidence
C533|ichi|S2,2025-04-17 15:15:00,BUY,-12.58,path-counterfactual only — not additive evidence
C533|ichi|S2,2025-04-21 18:00:00,BUY,0.05,path-counterfactual only — not additive evidence
C533|ichi|S2,2025-04-22 04:15:00,BUY,24.84,path-counterfactual only — not additive evidence
C533|ichi|S2,2025-04-22 10:45:00,BUY,-21.62,path-counterfactual only — not additive evidence
C533|ichi|S2,2025-04-23 13:00:00,SELL,33.46,path-counterfactual only — not additive evidence
C533|ichi|S2,2025-04-23 18:15:00,SELL,-26.93,path-counterfactual only — not additive evidence
C533|ichi|S2,2025-04-25 03:15:00,BUY,-15.18,path-counterfactual only — not additive evidence
C533|ichi|S2,2025-04-25 13:45:00,SELL,22.63,path-counterfactual only — not additive evidence
C533|ichi|S2,2025-04-25 17:15:00,SELL,0.05,path-counterfactual only — not additive evidence
C533|ichi|S2,2025-04-28 08:45:00,SELL,0.05,path-counterfactual only — not additive evidence
C533|ichi|S2,2025-04-28 11:15:00,SELL,0.05,path-counterfactual only — not additive evidence
C533|ichi|S2,2025-04-29 12:45:00,SELL,0.05,path-counterfactual only — not additive evidence
C533|ichi|S2,2025-04-29 15:45:00,SELL,-11.7,path-counterfactual only — not additive evidence
C533|ichi|S2,2025-04-29 17:15:00,SELL,-14.22,path-counterfactual only — not additive evidence
C533|ichi|S2,2025-04-30 05:00:00,SELL,0.05,path-counterfactual only — not additive evidence
C533|ichi|S2,2025-04-30 18:00:00,BUY,-20.84,path-counterfactual only — not additive evidence
C533|ichi|S2,2025-05-01 10:15:00,SELL,21.37,path-counterfactual only — not additive evidence
C533|ichi|S2,2025-05-01 19:00:00,SELL,-17.74,path-counterfactual only — not additive evidence
C533|ichi|S2,2025-05-05 18:45:00,BUY,19.85,path-counterfactual only — not additive evidence
C533|ichi|S2,2025-05-06 06:00:00,BUY,28.44,path-counterfactual only — not additive evidence
C533|ichi|S2,2025-05-06 15:45:00,BUY,0.05,path-counterfactual only — not additive evidence
C533|ichi|S2,2025-05-06 18:15:00,BUY,22.64,path-counterfactual only — not additive evidence
C533|ichi|S2,2025-05-07 16:45:00,BUY,-14.6,path-counterfactual only — not additive evidence
C533|ichi|S2,2025-05-08 04:15:00,BUY,20.53,path-counterfactual only — not additive evidence
C533|ichi|S2,2025-05-09 04:45:00,SELL,-16.64,path-counterfactual only — not additive evidence
C533|ichi|S2,2025-05-12 10:15:00,SELL,25.55,path-counterfactual only — not additive evidence
C533|ichi|S2,2025-05-13 04:45:00,SELL,-12.35,path-counterfactual only — not additive evidence
C533|ichi|S2,2025-05-16 16:15:00,SELL,0.05,path-counterfactual only — not additive evidence
C533|ichi|S2,2025-05-19 06:00:00,BUY,-17.01,path-counterfactual only — not additive evidence
C533|ichi|S2,2025-05-19 16:15:00,BUY,-12.57,path-counterfactual only — not additive evidence
C533|ichi|S2,2025-05-22 18:00:00,SELL,0.05,path-counterfactual only — not additive evidence
C533|ichi|S2,2025-05-23 16:45:00,BUY,0.05,path-counterfactual only — not additive evidence
C533|ichi|S2,2025-06-12 18:30:00,BUY,23.92,path-counterfactual only — not additive evidence
C533|ichi|S2,2025-06-17 17:45:00,SELL,-13.33,path-counterfactual only — not additive evidence
C533|ichi|S2,2025-06-23 17:15:00,BUY,0.05,path-counterfactual only — not additive evidence
C533|ichi|S2,2025-06-24 17:30:00,SELL,-14.66,path-counterfactual only — not additive evidence
C533|ichi|S2,2025-07-16 19:15:00,BUY,-20.82,path-counterfactual only — not additive evidence
C533|ichi|S2,2025-09-25 18:30:00,SELL,-16.99,path-counterfactual only — not additive evidence
C533|ichi|S2,2025-09-30 18:45:00,BUY,29.52,path-counterfactual only — not additive evidence
C533|ichi|S2,2025-10-13 01:15:00,BUY,34.0,path-counterfactual only — not additive evidence
C533|ichi|S2,2025-10-14 20:15:00,BUY,35.35,path-counterfactual only — not additive evidence
C533|ichi|S2,2025-10-15 17:15:00,BUY,-21.95,path-counterfactual only — not additive evidence
C533|ichi|S2,2025-10-15 19:30:00,BUY,33.25,path-counterfactual only — not additive evidence
C533|ichi|S2,2025-10-16 17:15:00,BUY,0.05,path-counterfactual only — not additive evidence
C533|ichi|S2,2025-10-16 19:45:00,BUY,33.02,path-counterfactual only — not additive evidence
C533|ichi|S2,2025-10-17 05:30:00,BUY,0.05,path-counterfactual only — not additive evidence
C533|ichi|S2,2025-10-21 01:15:00,BUY,0.05,path-counterfactual only — not additive evidence
C533|ichi|S2,2025-10-21 11:15:00,SELL,-29.18,path-counterfactual only — not additive evidence
C533|ichi|S2,2025-10-22 02:15:00,SELL,40.67,path-counterfactual only — not additive evidence
C533|ichi|S2,2025-10-22 17:15:00,SELL,0.05,path-counterfactual only — not additive evidence
C533|ichi|S2,2025-10-27 00:45:00,SELL,0.05,path-counterfactual only — not additive evidence
C533|ichi|S2,2025-10-27 12:00:00,SELL,33.36,path-counterfactual only — not additive evidence
C533|ichi|S2,2025-10-28 00:15:00,SELL,0.05,path-counterfactual only — not additive evidence
C533|ichi|S2,2025-10-28 07:00:00,SELL,31.9,path-counterfactual only — not additive evidence
C533|ichi|S2,2025-10-28 14:45:00,SELL,-22.73,path-counterfactual only — not additive evidence
C533|ichi|S2,2025-10-29 20:15:00,SELL,29.78,path-counterfactual only — not additive evidence
C533|ichi|S2,2025-10-30 04:00:00,SELL,0.05,path-counterfactual only — not additive evidence
C533|ichi|S2,2025-10-30 16:45:00,BUY,0.05,path-counterfactual only — not additive evidence
C533|ichi|S2,2025-10-31 01:15:00,BUY,0.05,path-counterfactual only — not additive evidence
C533|ichi|S2,2025-10-31 10:00:00,BUY,-19.35,path-counterfactual only — not additive evidence
C533|ichi|S2,2025-11-14 11:30:00,SELL,0.05,path-counterfactual only — not additive evidence
C533|ichi|S2,2025-11-17 02:15:00,SELL,34.75,path-counterfactual only — not additive evidence
C533|ichi|S2,2025-11-17 15:45:00,SELL,28.77,path-counterfactual only — not additive evidence
C533|ichi|S2,2025-11-18 03:15:00,SELL,29.76,path-counterfactual only — not additive evidence
C533|ichi|S2,2025-11-19 16:45:00,BUY,-17.76,path-counterfactual only — not additive evidence
C533|ichi|S2,2025-11-20 05:45:00,SELL,0.05,path-counterfactual only — not additive evidence
C533|ichi|S2,2025-11-20 13:30:00,SELL,-19.1,path-counterfactual only — not additive evidence
C533|ichi|S2,2025-11-20 15:45:00,BUY,0.05,path-counterfactual only — not additive evidence
C533|ichi|S2,2025-11-21 05:00:00,SELL,0.05,path-counterfactual only — not additive evidence
C533|ichi|S2,2025-11-21 08:15:00,SELL,27.98,path-counterfactual only — not additive evidence
C533|ichi|S2,2025-11-21 12:15:00,SELL,-21.45,path-counterfactual only — not additive evidence
C533|ichi|S2,2025-11-21 17:00:00,BUY,0.05,path-counterfactual only — not additive evidence
C533|ichi|S2,2025-11-24 03:15:00,SELL,0.05,path-counterfactual only — not additive evidence
C533|ichi|S2,2025-12-03 17:45:00,BUY,-19.23,path-counterfactual only — not additive evidence
C533|ichi|S2,2025-12-03 19:30:00,SELL,0.05,path-counterfactual only — not additive evidence
C533|ichi|S2,2025-12-18 18:15:00,BUY,0.05,path-counterfactual only — not additive evidence
C533|ichi|S2,2025-12-26 05:45:00,BUY,0.05,path-counterfactual only — not additive evidence
C533|ichi|S2,2025-12-29 04:00:00,SELL,40.88,path-counterfactual only — not additive evidence
C533|ichi|S2,2025-12-29 09:30:00,SELL,0.05,path-counterfactual only — not additive evidence
C533|ichi|S2,2025-12-29 15:30:00,SELL,32.2,path-counterfactual only — not additive evidence
C533|ichi|S2,2025-12-31 08:00:00,SELL,-28.52,path-counterfactual only — not additive evidence
C533|ichi|S2,2025-12-31 10:45:00,SELL,0.05,path-counterfactual only — not additive evidence
C533|ichi|S2,2025-12-31 12:45:00,SELL,-24.38,path-counterfactual only — not additive evidence
C533|ichi|S2,2026-01-09 20:45:00,BUY,30.21,path-counterfactual only — not additive evidence
C533|ichi|S2,2026-01-12 16:45:00,BUY,0.05,path-counterfactual only — not additive evidence
C533|ichi|S2,2026-01-15 06:00:00,SELL,0.05,path-counterfactual only — not additive evidence
C533|ichi|S2,2026-01-21 09:30:00,BUY,0.05,path-counterfactual only — not additive evidence
C533|ichi|S2,2026-01-23 03:45:00,BUY,0.05,path-counterfactual only — not additive evidence
C533|ichi|S2,2026-01-23 21:00:00,BUY,36.44,path-counterfactual only — not additive evidence
C533|ichi|S2,2026-01-26 08:00:00,BUY,0.05,path-counterfactual only — not additive evidence
C533|ichi|S2,2026-01-26 18:00:00,BUY,0.05,path-counterfactual only — not additive evidence
C533|ichi|S2,2026-01-26 19:45:00,BUY,-30.66,path-counterfactual only — not additive evidence
C533|ichi|S2,2026-01-27 11:15:00,BUY,-22.59,path-counterfactual only — not additive evidence
C533|ichi|S2,2026-01-28 12:00:00,BUY,-28.14,path-counterfactual only — not additive evidence
C533|ichi|S2,2026-01-28 20:00:00,BUY,54.45,path-counterfactual only — not additive evidence
C533|ichi|S2,2026-01-30 10:45:00,SELL,135.97,path-counterfactual only — not additive evidence
C533|ichi|S2,2026-01-30 15:30:00,SELL,140.06,path-counterfactual only — not additive evidence
C533|ichi|S2,2026-02-02 02:45:00,SELL,197.04,path-counterfactual only — not additive evidence
C533|ichi|S2,2026-02-03 13:30:00,BUY,0.05,path-counterfactual only — not additive evidence
C533|ichi|S2,2026-02-03 15:00:00,BUY,0.05,path-counterfactual only — not additive evidence
C533|ichi|S2,2026-02-03 16:30:00,BUY,0.05,path-counterfactual only — not additive evidence
C533|ichi|S2,2026-02-04 01:45:00,BUY,84.92,path-counterfactual only — not additive evidence
C533|ichi|S2,2026-02-04 19:45:00,SELL,0.05,path-counterfactual only — not additive evidence
C533|ichi|S2,2026-02-05 03:45:00,BUY,-51.57,path-counterfactual only — not additive evidence
C533|ichi|S2,2026-02-05 11:15:00,SELL,0.05,path-counterfactual only — not additive evidence
C533|ichi|S2,2026-02-05 15:45:00,SELL,-64.1,path-counterfactual only — not additive evidence
C533|ichi|S2,2026-02-06 03:30:00,SELL,-72.48,path-counterfactual only — not additive evidence
C533|ichi|S2,2026-02-06 15:15:00,BUY,0.05,path-counterfactual only — not additive evidence
C533|ichi|S2,2026-02-09 01:30:00,BUY,0.05,path-counterfactual only — not additive evidence
C533|ichi|S2,2026-02-09 05:00:00,BUY,0.05,path-counterfactual only — not additive evidence
C533|ichi|S2,2026-02-09 11:30:00,BUY,-30.61,path-counterfactual only — not additive evidence
C533|ichi|S2,2026-02-09 16:45:00,BUY,46.56,path-counterfactual only — not additive evidence
C533|ichi|S2,2026-02-10 11:15:00,BUY,-27.69,path-counterfactual only — not additive evidence
C533|ichi|S2,2026-02-11 01:30:00,BUY,0.05,path-counterfactual only — not additive evidence
C533|ichi|S2,2026-02-11 08:00:00,BUY,0.05,path-counterfactual only — not additive evidence
C533|ichi|S2,2026-02-16 01:30:00,BUY,-26.53,path-counterfactual only — not additive evidence
C533|ichi|S2,2026-02-17 09:15:00,SELL,-30.43,path-counterfactual only — not additive evidence
C533|ichi|S2,2026-02-17 16:00:00,SELL,-29.74,path-counterfactual only — not additive evidence
C533|ichi|S2,2026-02-18 02:00:00,SELL,-28.0,path-counterfactual only — not additive evidence
C533|ichi|S2,2026-02-25 03:15:00,BUY,0.05,path-counterfactual only — not additive evidence
C533|ichi|S2,2026-02-25 17:45:00,BUY,-23.6,path-counterfactual only — not additive evidence
C533|ichi|S2,2026-02-26 02:00:00,SELL,-25.29,path-counterfactual only — not additive evidence
C533|ichi|S2,2026-02-26 17:15:00,SELL,-23.22,path-counterfactual only — not additive evidence
C533|ichi|S2,2026-02-27 20:30:00,BUY,38.2,path-counterfactual only — not additive evidence
C533|ichi|S2,2026-03-02 01:15:00,BUY,-33.05,path-counterfactual only — not additive evidence
C533|ichi|S2,2026-03-02 07:45:00,BUY,47.19,path-counterfactual only — not additive evidence
C533|ichi|S2,2026-03-02 14:15:00,BUY,0.05,path-counterfactual only — not additive evidence
C533|ichi|S2,2026-03-03 04:15:00,BUY,0.05,path-counterfactual only — not additive evidence
C533|ichi|S2,2026-03-03 11:30:00,SELL,-43.65,path-counterfactual only — not additive evidence
C533|ichi|S2,2026-03-03 13:15:00,SELL,84.11,path-counterfactual only — not additive evidence
C533|ichi|S2,2026-03-03 15:15:00,SELL,113.89,path-counterfactual only — not additive evidence
C533|ichi|S2,2026-03-04 17:00:00,SELL,0.05,path-counterfactual only — not additive evidence
C533|ichi|S2,2026-03-05 08:15:00,SELL,-26.24,path-counterfactual only — not additive evidence
C533|ichi|S2,2026-03-05 12:15:00,SELL,40.57,path-counterfactual only — not additive evidence
C533|ichi|S2,2026-03-05 15:30:00,SELL,0.05,path-counterfactual only — not additive evidence
C533|ichi|S2,2026-03-05 17:15:00,SELL,0.05,path-counterfactual only — not additive evidence
C533|ichi|S2,2026-03-06 13:45:00,SELL,0.05,path-counterfactual only — not additive evidence
C533|ichi|S2,2026-03-09 15:45:00,SELL,-30.04,path-counterfactual only — not additive evidence
C533|ichi|S2,2026-03-10 03:15:00,BUY,37.76,path-counterfactual only — not additive evidence
C533|ichi|S2,2026-03-10 06:15:00,BUY,37.59,path-counterfactual only — not additive evidence
C533|ichi|S2,2026-03-10 16:30:00,BUY,0.05,path-counterfactual only — not additive evidence
C533|ichi|S2,2026-03-11 02:30:00,BUY,-23.51,path-counterfactual only — not additive evidence
C533|ichi|S2,2026-03-11 15:45:00,SELL,-24.01,path-counterfactual only — not additive evidence
C533|ichi|S2,2026-03-16 00:30:00,SELL,41.42,path-counterfactual only — not additive evidence
C533|ichi|S2,2026-03-16 03:15:00,SELL,-37.03,path-counterfactual only — not additive evidence
C533|ichi|S2,2026-03-17 17:45:00,SELL,-25.53,path-counterfactual only — not additive evidence
C533|ichi|S2,2026-03-19 18:15:00,SELL,-75.92,path-counterfactual only — not additive evidence
C533|ichi|S2,2026-03-20 15:15:00,SELL,54.96,path-counterfactual only — not additive evidence
C533|ichi|S2,2026-03-23 00:45:00,SELL,76.14,path-counterfactual only — not additive evidence
C533|ichi|S2,2026-03-23 03:30:00,SELL,0.05,path-counterfactual only — not additive evidence
C533|ichi|S2,2026-03-23 10:30:00,SELL,-92.9,path-counterfactual only — not additive evidence
C533|ichi|S2,2026-03-24 02:45:00,SELL,0.05,path-counterfactual only — not additive evidence
C533|ichi|S2,2026-03-24 19:45:00,SELL,-44.21,path-counterfactual only — not additive evidence
C533|ichi|S2,2026-03-26 14:00:00,SELL,-34.61,path-counterfactual only — not additive evidence
C533|ichi|S2,2026-03-26 18:30:00,SELL,0.05,path-counterfactual only — not additive evidence
C533|ichi|S2,2026-03-27 15:30:00,SELL,-26.28,path-counterfactual only — not additive evidence
C533|ichi|S2,2026-03-27 20:15:00,BUY,0.05,path-counterfactual only — not additive evidence
C533|ichi|S2,2026-03-30 04:30:00,SELL,-43.05,path-counterfactual only — not additive evidence
C533|ichi|S2,2026-03-30 15:15:00,BUY,0.05,path-counterfactual only — not additive evidence
C533|ichi|S2,2026-03-31 08:45:00,BUY,-32.38,path-counterfactual only — not additive evidence
C533|ichi|S2,2026-03-31 14:30:00,BUY,0.05,path-counterfactual only — not additive evidence
C533|ichi|S2,2026-03-31 16:45:00,BUY,46.91,path-counterfactual only — not additive evidence
C533|ichi|S2,2026-04-01 08:45:00,BUY,37.86,path-counterfactual only — not additive evidence
C533|ichi|S2,2026-04-01 11:00:00,BUY,47.23,path-counterfactual only — not additive evidence
C533|ichi|S2,2026-04-01 15:30:00,BUY,0.05,path-counterfactual only — not additive evidence
C533|ichi|S2,2026-04-01 17:45:00,BUY,0.05,path-counterfactual only — not additive evidence
C533|ichi|S2,2026-04-02 01:15:00,BUY,0.05,path-counterfactual only — not additive evidence
C533|ichi|S2,2026-04-02 12:00:00,SELL,0.05,path-counterfactual only — not additive evidence
C533|ichi|S2,2026-04-06 02:15:00,SELL,0.05,path-counterfactual only — not additive evidence
C533|ichi|S2,2026-04-06 10:45:00,BUY,0.05,path-counterfactual only — not additive evidence
C533|ichi|S2,2026-04-06 17:00:00,BUY,0.05,path-counterfactual only — not additive evidence
C533|ichi|S2,2026-04-07 04:45:00,SELL,0.05,path-counterfactual only — not additive evidence
C533|ichi|S2,2026-04-07 13:15:00,BUY,-28.3,path-counterfactual only — not additive evidence
C533|ichi|S2,2026-04-07 15:30:00,BUY,-31.1,path-counterfactual only — not additive evidence
C533|ichi|S2,2026-04-07 17:15:00,SELL,-34.91,path-counterfactual only — not additive evidence
C533|ichi|S2,2026-04-08 09:00:00,BUY,-28.64,path-counterfactual only — not additive evidence
C533|ichi|S2,2026-04-09 06:15:00,SELL,-25.46,path-counterfactual only — not additive evidence
C533|ichi|S2,2026-04-09 17:45:00,BUY,38.58,path-counterfactual only — not additive evidence
C533|ichi|S2,2026-05-04 18:30:00,SELL,0.05,path-counterfactual only — not additive evidence
C533|ichi|S2,2026-06-11 05:45:00,SELL,-37.44,path-counterfactual only — not additive evidence
C482|orb|S2,2024-08-02 17:45:00,SELL,23.55,path-counterfactual only
C482|orb|S2,2025-04-04 14:10:00,BUY,-12.46,path-counterfactual only
C482|orb|S2,2025-04-22 16:45:00,SELL,-17.43,path-counterfactual only
C482|orb|S2,2025-04-23 09:05:00,SELL,-13.09,path-counterfactual only
C482|orb|S2,2025-10-17 16:40:00,SELL,45.67,path-counterfactual only
C482|orb|S2,2026-01-29 17:10:00,SELL,83.14,path-counterfactual only
C482|orb|S2,2026-01-30 10:35:00,SELL,97.87,path-counterfactual only
C482|orb|S2,2026-02-02 07:45:00,SELL,107.58,path-counterfactual only
C482|orb|S2,2026-02-03 08:20:00,BUY,50.73,path-counterfactual only
C482|orb|S2,2026-02-04 17:40:00,SELL,0.05,path-counterfactual only
C482|orb|S2,2026-03-20 15:55:00,SELL,48.82,path-counterfactual only
C482|orb|S2,2026-03-23 07:50:00,SELL,46.21,path-counterfactual only
C482|orb|S2,2026-03-23 16:30:00,BUY,-52.95,path-counterfactual only
C482|orb|S2,2026-03-27 16:50:00,BUY,40.03,path-counterfactual only
C482|orb|S2,2026-03-31 17:05:00,BUY,39.24,path-counterfactual only
C482|orb|S2,2026-04-07 17:10:00,SELL,-22.3,path-counterfactual only
C482|ichi|S2,2022-03-08 20:45:00,BUY,0.05,path-counterfactual only
C482|ichi|S2,2023-12-04 01:30:00,BUY,-13.83,path-counterfactual only
C482|ichi|S2,2023-12-04 17:30:00,SELL,0.05,path-counterfactual only
C482|ichi|S2,2023-12-05 18:15:00,SELL,-9.11,path-counterfactual only
C482|ichi|S2,2024-01-03 17:15:00,SELL,0.05,path-counterfactual only
C482|ichi|S2,2024-03-05 16:30:00,BUY,0.05,path-counterfactual only
C482|ichi|S2,2024-03-06 17:15:00,BUY,0.05,path-counterfactual only
C482|ichi|S2,2024-03-21 04:45:00,BUY,0.05,path-counterfactual only
C482|ichi|S2,2024-03-28 16:45:00,BUY,14.23,path-counterfactual only
C482|ichi|S2,2024-04-08 05:45:00,BUY,-13.56,path-counterfactual only
C482|ichi|S2,2024-04-10 16:15:00,SELL,-10.93,path-counterfactual only
C482|ichi|S2,2024-04-15 02:00:00,SELL,0.05,path-counterfactual only
C482|ichi|S2,2024-04-15 16:45:00,SELL,14.98,path-counterfactual only
C482|ichi|S2,2024-04-16 18:30:00,BUY,0.05,path-counterfactual only
C482|ichi|S2,2024-04-19 15:00:00,SELL,-9.14,path-counterfactual only
C482|ichi|S2,2024-04-19 17:00:00,SELL,-10.56,path-counterfactual only
C482|ichi|S2,2024-04-25 18:15:00,BUY,0.05,path-counterfactual only
C482|ichi|S2,2024-05-02 17:30:00,SELL,-10.57,path-counterfactual only
C482|ichi|S2,2024-05-03 16:45:00,SELL,-12.68,path-counterfactual only
C482|ichi|S2,2024-05-17 19:00:00,BUY,0.05,path-counterfactual only
C482|ichi|S2,2024-05-20 01:30:00,BUY,13.03,path-counterfactual only
C482|ichi|S2,2024-05-20 10:00:00,BUY,-9.88,path-counterfactual only
C482|ichi|S2,2024-05-23 17:00:00,SELL,14.2,path-counterfactual only
C482|ichi|S2,2024-06-03 18:15:00,BUY,12.9,path-counterfactual only
C482|ichi|S2,2024-06-12 16:45:00,BUY,-8.87,path-counterfactual only
C482|ichi|S2,2024-06-13 18:15:00,SELL,-11.32,path-counterfactual only
C482|ichi|S2,2024-06-14 17:30:00,BUY,-8.74,path-counterfactual only
C482|ichi|S2,2024-06-14 19:15:00,BUY,0.05,path-counterfactual only
C482|ichi|S2,2024-06-20 18:45:00,BUY,0.05,path-counterfactual only
C482|ichi|S2,2024-06-25 17:15:00,SELL,0.05,path-counterfactual only
C482|ichi|S2,2024-06-26 16:15:00,SELL,0.05,path-counterfactual only
C482|ichi|S2,2024-07-11 15:45:00,BUY,0.05,path-counterfactual only
C482|ichi|S2,2024-07-16 16:45:00,BUY,12.61,path-counterfactual only
C482|ichi|S2,2024-07-17 06:00:00,BUY,-7.56,path-counterfactual only
C482|ichi|S2,2024-07-17 16:15:00,BUY,0.05,path-counterfactual only
C482|ichi|S2,2024-07-19 10:15:00,SELL,12.0,path-counterfactual only
C482|ichi|S2,2024-07-19 17:15:00,SELL,0.05,path-counterfactual only
C482|ichi|S2,2024-07-19 19:30:00,SELL,0.05,path-counterfactual only
C482|ichi|S2,2024-07-22 16:15:00,SELL,11.53,path-counterfactual only
C482|ichi|S2,2024-07-25 04:30:00,SELL,11.05,path-counterfactual only
C482|ichi|S2,2024-07-25 12:30:00,SELL,-8.22,path-counterfactual only
C482|ichi|S2,2024-07-25 15:45:00,SELL,0.05,path-counterfactual only
C482|ichi|S2,2024-07-26 18:00:00,BUY,0.05,path-counterfactual only
C482|ichi|S2,2024-07-29 21:00:00,SELL,-7.67,path-counterfactual only
C482|ichi|S2,2024-07-31 06:15:00,BUY,0.05,path-counterfactual only
C482|ichi|S2,2024-08-01 17:15:00,BUY,-9.88,path-counterfactual only
C482|ichi|S2,2024-08-02 13:15:00,BUY,-6.48,path-counterfactual only
C482|ichi|S2,2024-08-02 15:45:00,BUY,-9.03,path-counterfactual only
C482|ichi|S2,2024-08-05 03:30:00,SELL,-12.61,path-counterfactual only
C482|ichi|S2,2024-08-05 11:00:00,SELL,21.59,path-counterfactual only
C482|ichi|S2,2024-08-06 08:45:00,SELL,10.58,path-counterfactual only
C482|ichi|S2,2024-08-07 01:30:00,SELL,0.05,path-counterfactual only
C482|ichi|S2,2024-08-07 06:00:00,SELL,-7.53,path-counterfactual only
C482|ichi|S2,2024-08-07 20:15:00,SELL,11.36,path-counterfactual only
C482|ichi|S2,2024-08-08 16:30:00,BUY,0.05,path-counterfactual only
C482|ichi|S2,2024-08-08 18:30:00,BUY,15.78,path-counterfactual only
C482|ichi|S2,2024-08-09 15:45:00,BUY,0.05,path-counterfactual only
C482|ichi|S2,2024-08-09 17:15:00,BUY,0.05,path-counterfactual only
C482|ichi|S2,2024-08-13 17:30:00,BUY,0.05,path-counterfactual only
C482|ichi|S2,2024-08-15 16:30:00,SELL,0.05,path-counterfactual only
C482|ichi|S2,2024-08-16 17:45:00,BUY,18.23,path-counterfactual only
C482|ichi|S2,2024-08-19 09:15:00,BUY,0.05,path-counterfactual only
C482|ichi|S2,2024-08-20 10:45:00,BUY,9.54,path-counterfactual only
C482|ichi|S2,2024-08-21 07:00:00,BUY,-5.55,path-counterfactual only
C482|ichi|S2,2024-08-21 09:30:00,BUY,-5.75,path-counterfactual only
C482|ichi|S2,2024-08-21 17:30:00,SELL,0.05,path-counterfactual only
C482|ichi|S2,2024-08-22 10:30:00,SELL,0.05,path-counterfactual only
C482|ichi|S2,2024-08-22 14:45:00,SELL,9.0,path-counterfactual only
C482|ichi|S2,2024-08-23 17:00:00,BUY,8.59,path-counterfactual only
C482|ichi|S2,2024-08-23 20:00:00,BUY,0.05,path-counterfactual only
C482|ichi|S2,2024-08-27 11:15:00,SELL,0.05,path-counterfactual only
C482|ichi|S2,2024-08-27 17:15:00,BUY,0.05,path-counterfactual only
C482|ichi|S2,2024-08-27 18:45:00,BUY,12.08,path-counterfactual only
C482|ichi|S2,2024-08-28 19:30:00,SELL,-8.04,path-counterfactual only
C482|ichi|S2,2024-08-29 16:30:00,SELL,-7.58,path-counterfactual only
C482|ichi|S2,2024-08-29 18:45:00,BUY,0.05,path-counterfactual only
C482|ichi|S2,2024-08-30 15:30:00,BUY,-5.8,path-counterfactual only
C482|ichi|S2,2024-08-30 18:00:00,SELL,13.59,path-counterfactual only
C482|ichi|S2,2024-09-03 14:30:00,SELL,8.48,path-counterfactual only
C482|ichi|S2,2024-09-03 16:00:00,SELL,12.53,path-counterfactual only
C482|ichi|S2,2024-09-05 16:30:00,BUY,-7.28,path-counterfactual only
C482|ichi|S2,2024-09-06 15:45:00,BUY,-7.27,path-counterfactual only
C482|ichi|S2,2024-09-06 18:00:00,SELL,18.85,path-counterfactual only
C482|ichi|S2,2024-09-12 15:45:00,BUY,9.25,path-counterfactual only
C482|ichi|S2,2024-09-13 04:30:00,BUY,8.13,path-counterfactual only
C482|ichi|S2,2024-09-13 12:00:00,BUY,-5.88,path-counterfactual only
C482|ichi|S2,2024-09-13 17:15:00,BUY,11.55,path-counterfactual only
C482|ichi|S2,2024-09-17 17:45:00,SELL,0.05,path-counterfactual only
C482|ichi|S2,2024-09-18 18:45:00,SELL,-6.63,path-counterfactual only
C482|ichi|S2,2024-09-20 17:30:00,BUY,0.05,path-counterfactual only
C482|ichi|S2,2024-09-23 01:15:00,BUY,8.55,path-counterfactual only
C482|ichi|S2,2024-09-23 15:45:00,BUY,8.22,path-counterfactual only
C482|ichi|S2,2024-09-23 18:15:00,BUY,0.05,path-counterfactual only
C482|ichi|S2,2024-09-25 05:00:00,BUY,8.37,path-counterfactual only
C482|ichi|S2,2024-09-25 16:15:00,BUY,0.05,path-counterfactual only
C482|ichi|S2,2024-09-26 16:00:00,BUY,-9.38,path-counterfactual only
C482|ichi|S2,2024-09-27 15:45:00,BUY,-6.45,path-counterfactual only
C482|ichi|S2,2024-09-30 11:00:00,SELL,-6.06,path-counterfactual only
C482|ichi|S2,2024-10-01 16:30:00,BUY,8.78,path-counterfactual only
C482|ichi|S2,2024-10-01 18:00:00,BUY,0.05,path-counterfactual only
C482|ichi|S2,2024-10-02 14:00:00,SELL,0.05,path-counterfactual only
C482|ichi|S2,2024-10-02 17:30:00,BUY,-8.82,path-counterfactual only
C482|ichi|S2,2024-10-03 15:45:00,SELL,0.05,path-counterfactual only
C482|ichi|S2,2024-10-07 05:00:00,SELL,-5.68,path-counterfactual only
C482|ichi|S2,2024-10-07 16:30:00,SELL,0.05,path-counterfactual only
C482|ichi|S2,2024-10-07 18:00:00,SELL,0.05,path-counterfactual only
C482|ichi|S2,2024-10-08 06:15:00,SELL,11.13,path-counterfactual only
C482|ichi|S2,2024-10-08 15:45:00,BUY,-7.9,path-counterfactual only
C482|ichi|S2,2024-10-10 16:15:00,BUY,0.05,path-counterfactual only
C482|ichi|S2,2024-10-10 19:15:00,BUY,-9.0,path-counterfactual only
C482|ichi|S2,2024-10-11 16:15:00,BUY,0.05,path-counterfactual only
C482|ichi|S2,2024-10-15 15:15:00,BUY,0.05,path-counterfactual only
C482|ichi|S2,2024-10-15 16:45:00,BUY,10.81,path-counterfactual only
C482|ichi|S2,2024-10-16 16:45:00,BUY,-6.29,path-counterfactual only
C482|ichi|S2,2024-10-17 13:15:00,BUY,-5.74,path-counterfactual only
C482|ichi|S2,2024-10-17 19:45:00,BUY,13.19,path-counterfactual only
C482|ichi|S2,2024-10-18 09:45:00,BUY,9.11,path-counterfactual only
C482|ichi|S2,2024-10-18 16:45:00,BUY,11.3,path-counterfactual only
C482|ichi|S2,2024-10-24 19:15:00,SELL,-8.52,path-counterfactual only
C482|ichi|S2,2024-10-28 06:45:00,SELL,-5.91,path-counterfactual only
C482|ichi|S2,2024-10-28 09:45:00,BUY,-7.14,path-counterfactual only
C482|ichi|S2,2024-10-29 15:45:00,BUY,11.4,path-counterfactual only
C482|ichi|S2,2024-11-01 16:45:00,SELL,0.05,path-counterfactual only
C482|ichi|S2,2024-11-04 01:15:00,SELL,-7.17,path-counterfactual only
C482|ichi|S2,2024-11-05 17:00:00,BUY,-6.75,path-counterfactual only
C482|ichi|S2,2024-11-06 05:30:00,SELL,-10.07,path-counterfactual only
C482|ichi|S2,2024-11-06 08:15:00,SELL,14.4,path-counterfactual only
C482|ichi|S2,2024-11-06 09:45:00,SELL,25.1,path-counterfactual only
C482|ichi|S2,2024-11-07 02:15:00,SELL,10.26,path-counterfactual only
C482|ichi|S2,2024-11-07 04:30:00,SELL,-8.91,path-counterfactual only
C482|ichi|S2,2024-11-08 10:15:00,SELL,-7.09,path-counterfactual only
C482|ichi|S2,2024-11-08 16:15:00,BUY,-8.58,path-counterfactual only
C482|ichi|S2,2024-11-11 13:00:00,SELL,0.05,path-counterfactual only
C482|ichi|S2,2024-11-12 10:30:00,SELL,0.05,path-counterfactual only
C482|ichi|S2,2024-11-13 18:15:00,SELL,14.74,path-counterfactual only
C482|ichi|S2,2024-11-14 03:15:00,SELL,12.87,path-counterfactual only
C482|ichi|S2,2024-11-14 10:30:00,SELL,11.36,path-counterfactual only
C482|ichi|S2,2024-11-18 08:15:00,BUY,10.07,path-counterfactual only
C482|ichi|S2,2024-11-18 14:45:00,BUY,0.05,path-counterfactual only
C482|ichi|S2,2024-11-19 15:45:00,BUY,-8.05,path-counterfactual only
C482|ichi|S2,2024-11-21 16:15:00,BUY,-7.38,path-counterfactual only
C482|ichi|S2,2024-11-22 11:45:00,BUY,0.05,path-counterfactual only
C482|ichi|S2,2024-11-22 13:45:00,BUY,-8.47,path-counterfactual only
C482|ichi|S2,2024-11-25 01:15:00,BUY,-9.38,path-counterfactual only
C482|ichi|S2,2024-11-25 16:15:00,SELL,17.8,path-counterfactual only
C482|ichi|S2,2024-11-26 01:45:00,SELL,-10.05,path-counterfactual only
C482|ichi|S2,2024-11-26 10:30:00,SELL,-7.97,path-counterfactual only
C482|ichi|S2,2024-11-29 11:15:00,BUY,0.05,path-counterfactual only
C482|ichi|S2,2024-11-29 15:30:00,BUY,-7.18,path-counterfactual only
C482|ichi|S2,2024-12-05 18:15:00,SELL,13.15,path-counterfactual only
C482|ichi|S2,2024-12-06 16:15:00,SELL,-9.57,path-counterfactual only
C482|ichi|S2,2024-12-10 12:45:00,BUY,0.05,path-counterfactual only
C482|ichi|S2,2024-12-11 15:45:00,BUY,12.85,path-counterfactual only
C482|ichi|S2,2024-12-12 12:45:00,BUY,-6.6,path-counterfactual only
C482|ichi|S2,2024-12-13 18:30:00,SELL,12.91,path-counterfactual only
C482|ichi|S2,2024-12-16 17:45:00,SELL,0.05,path-counterfactual only
C482|ichi|S2,2024-12-17 16:45:00,SELL,0.05,path-counterfactual only
C482|ichi|S2,2024-12-30 15:45:00,SELL,10.74,path-counterfactual only
C482|ichi|S2,2024-12-30 17:15:00,SELL,0.05,path-counterfactual only
C482|ichi|S2,2025-01-02 16:00:00,BUY,11.16,path-counterfactual only
C482|ichi|S2,2025-01-06 17:00:00,SELL,-12.23,path-counterfactual only
C482|ichi|S2,2025-01-07 18:45:00,BUY,14.31,path-counterfactual only
C482|ichi|S2,2025-01-09 16:45:00,BUY,-7.4,path-counterfactual only
C482|ichi|S2,2025-01-16 18:00:00,BUY,0.05,path-counterfactual only
C482|ichi|S2,2025-01-23 16:45:00,SELL,-8.35,path-counterfactual only
C482|ichi|S2,2025-01-23 18:30:00,BUY,0.05,path-counterfactual only
C482|ichi|S2,2025-01-27 17:00:00,SELL,14.42,path-counterfactual only
C482|ichi|S2,2025-02-03 20:15:00,BUY,0.05,path-counterfactual only
C482|ichi|S2,2025-02-05 19:00:00,BUY,-10.21,path-counterfactual only
C482|ichi|S2,2025-02-17 01:30:00,SELL,-10.27,path-counterfactual only
C482|ichi|S2,2025-02-25 17:30:00,SELL,17.36,path-counterfactual only
C482|ichi|S2,2025-02-27 11:45:00,SELL,0.05,path-counterfactual only
C482|ichi|S2,2025-02-27 17:15:00,SELL,-13.33,path-counterfactual only
C482|ichi|S2,2025-02-28 21:00:00,SELL,-10.01,path-counterfactual only
C482|ichi|S2,2025-03-06 15:45:00,SELL,-10.12,path-counterfactual only
C482|ichi|S2,2025-03-10 12:30:00,SELL,0.05,path-counterfactual only
C482|ichi|S2,2025-03-10 14:00:00,SELL,0.05,path-counterfactual only
C482|ichi|S2,2025-03-10 17:15:00,SELL,15.74,path-counterfactual only
C482|ichi|S2,2025-03-14 13:15:00,BUY,-8.89,path-counterfactual only
C482|ichi|S2,2025-03-18 16:00:00,BUY,0.05,path-counterfactual only
C482|ichi|S2,2025-03-21 15:45:00,SELL,13.14,path-counterfactual only
C482|ichi|S2,2025-03-21 17:15:00,SELL,-10.93,path-counterfactual only
C482|ichi|S2,2025-03-27 16:15:00,BUY,15.42,path-counterfactual only
C482|ichi|S2,2025-03-28 16:00:00,BUY,-9.95,path-counterfactual only
C482|ichi|S2,2025-03-28 17:30:00,BUY,0.05,path-counterfactual only
C482|ichi|S2,2025-03-31 13:45:00,BUY,0.05,path-counterfactual only
C482|ichi|S2,2025-04-02 15:30:00,BUY,0.05,path-counterfactual only
C482|ichi|S2,2025-04-02 17:30:00,BUY,-10.85,path-counterfactual only
C482|ichi|S2,2025-04-03 01:15:00,BUY,0.05,path-counterfactual only
C482|ichi|S2,2025-04-04 07:30:00,SELL,-11.2,path-counterfactual only
C482|ichi|S2,2025-04-04 10:45:00,SELL,0.05,path-counterfactual only
C482|ichi|S2,2025-04-07 02:30:00,SELL,-28.7,path-counterfactual only
C482|ichi|S2,2025-04-07 16:45:00,SELL,-21.39,path-counterfactual only
C482|ichi|S2,2025-04-09 02:15:00,SELL,0.05,path-counterfactual only
C482|ichi|S2,2025-04-09 16:15:00,BUY,28.69,path-counterfactual only
C482|ichi|S2,2025-04-10 05:00:00,BUY,28.3,path-counterfactual only
C482|ichi|S2,2025-04-10 15:45:00,BUY,0.05,path-counterfactual only
C482|ichi|S2,2025-04-10 17:15:00,BUY,29.49,path-counterfactual only
C482|ichi|S2,2025-04-11 09:45:00,BUY,27.22,path-counterfactual only
C482|ichi|S2,2025-04-11 15:30:00,BUY,0.05,path-counterfactual only
C482|ichi|S2,2025-04-11 17:15:00,BUY,0.05,path-counterfactual only
C482|ichi|S2,2025-04-11 19:45:00,BUY,0.05,path-counterfactual only
C482|ichi|S2,2025-04-14 04:45:00,BUY,-14.85,path-counterfactual only
C482|ichi|S2,2025-04-16 12:00:00,BUY,0.05,path-counterfactual only
C482|ichi|S2,2025-04-16 18:15:00,BUY,24.22,path-counterfactual only
C482|ichi|S2,2025-04-17 04:00:00,BUY,-11.0,path-counterfactual only
C482|ichi|S2,2025-04-17 15:15:00,BUY,-12.58,path-counterfactual only
C482|ichi|S2,2025-04-21 11:30:00,BUY,0.05,path-counterfactual only
C482|ichi|S2,2025-04-21 14:30:00,BUY,14.94,path-counterfactual only
C482|ichi|S2,2025-04-21 18:00:00,BUY,0.05,path-counterfactual only
C482|ichi|S2,2025-04-22 04:15:00,BUY,24.84,path-counterfactual only
C482|ichi|S2,2025-04-22 10:45:00,BUY,-21.62,path-counterfactual only
C482|ichi|S2,2025-04-23 13:00:00,SELL,33.46,path-counterfactual only
C482|ichi|S2,2025-04-23 18:15:00,SELL,-26.93,path-counterfactual only
C482|ichi|S2,2025-04-25 03:15:00,BUY,-15.18,path-counterfactual only
C482|ichi|S2,2025-04-25 13:45:00,SELL,22.63,path-counterfactual only
C482|ichi|S2,2025-04-25 17:15:00,SELL,0.05,path-counterfactual only
C482|ichi|S2,2025-04-28 08:45:00,SELL,0.05,path-counterfactual only
C482|ichi|S2,2025-04-28 11:15:00,SELL,0.05,path-counterfactual only
C482|ichi|S2,2025-04-29 12:45:00,SELL,0.05,path-counterfactual only
C482|ichi|S2,2025-04-29 15:45:00,SELL,-11.7,path-counterfactual only
C482|ichi|S2,2025-04-29 17:15:00,SELL,-14.22,path-counterfactual only
C482|ichi|S2,2025-04-30 01:15:00,BUY,-10.43,path-counterfactual only
C482|ichi|S2,2025-04-30 05:00:00,SELL,0.05,path-counterfactual only
C482|ichi|S2,2025-04-30 11:00:00,SELL,15.41,path-counterfactual only
C482|ichi|S2,2025-04-30 18:00:00,BUY,-20.84,path-counterfactual only
C482|ichi|S2,2025-05-01 10:15:00,SELL,21.37,path-counterfactual only
C482|ichi|S2,2025-05-01 19:00:00,SELL,-17.74,path-counterfactual only
C482|ichi|S2,2025-05-02 12:15:00,BUY,0.05,path-counterfactual only
C482|ichi|S2,2025-05-05 08:15:00,BUY,0.05,path-counterfactual only
C482|ichi|S2,2025-05-05 11:15:00,BUY,15.33,path-counterfactual only
C482|ichi|S2,2025-05-05 18:45:00,BUY,19.85,path-counterfactual only
C482|ichi|S2,2025-05-06 03:45:00,BUY,15.18,path-counterfactual only
C482|ichi|S2,2025-05-06 06:00:00,BUY,28.44,path-counterfactual only
C482|ichi|S2,2025-05-06 15:45:00,BUY,0.05,path-counterfactual only
C482|ichi|S2,2025-05-06 18:15:00,BUY,22.64,path-counterfactual only
C482|ichi|S2,2025-05-07 16:45:00,BUY,-14.6,path-counterfactual only
C482|ichi|S2,2025-05-08 04:15:00,BUY,20.53,path-counterfactual only
C482|ichi|S2,2025-05-09 04:45:00,SELL,-16.64,path-counterfactual only
C482|ichi|S2,2025-05-12 10:15:00,SELL,25.55,path-counterfactual only
C482|ichi|S2,2025-05-13 04:45:00,SELL,-12.35,path-counterfactual only
C482|ichi|S2,2025-05-14 05:00:00,SELL,0.05,path-counterfactual only
C482|ichi|S2,2025-05-14 11:45:00,SELL,17.84,path-counterfactual only
C482|ichi|S2,2025-05-16 03:15:00,BUY,-11.49,path-counterfactual only
C482|ichi|S2,2025-05-16 16:15:00,SELL,0.05,path-counterfactual only
C482|ichi|S2,2025-05-19 06:00:00,BUY,-17.01,path-counterfactual only
C482|ichi|S2,2025-05-19 16:15:00,BUY,-12.57,path-counterfactual only
C482|ichi|S2,2025-05-20 08:45:00,SELL,-9.99,path-counterfactual only
C482|ichi|S2,2025-05-21 02:00:00,BUY,15.01,path-counterfactual only
C482|ichi|S2,2025-05-21 12:30:00,BUY,0.05,path-counterfactual only
C482|ichi|S2,2025-05-21 20:15:00,BUY,19.01,path-counterfactual only
C482|ichi|S2,2025-05-22 18:00:00,SELL,0.05,path-counterfactual only
C482|ichi|S2,2025-05-23 04:00:00,BUY,16.49,path-counterfactual only
C482|ichi|S2,2025-05-23 14:30:00,BUY,14.56,path-counterfactual only
C482|ichi|S2,2025-05-23 16:45:00,BUY,0.05,path-counterfactual only
C482|ichi|S2,2025-05-27 17:00:00,SELL,-12.77,path-counterfactual only
C482|ichi|S2,2025-05-28 06:30:00,SELL,-10.65,path-counterfactual only
C482|ichi|S2,2025-05-28 09:15:00,SELL,-10.58,path-counterfactual only
C482|ichi|S2,2025-05-28 16:15:00,SELL,0.05,path-counterfactual only
C482|ichi|S2,2025-05-28 17:45:00,SELL,17.51,path-counterfactual only
C482|ichi|S2,2025-05-29 01:15:00,SELL,16.55,path-counterfactual only
C482|ichi|S2,2025-05-30 10:45:00,SELL,0.05,path-counterfactual only
C482|ichi|S2,2025-06-02 03:45:00,BUY,0.05,path-counterfactual only
C482|ichi|S2,2025-06-02 05:15:00,BUY,15.86,path-counterfactual only
C482|ichi|S2,2025-06-02 16:15:00,BUY,15.59,path-counterfactual only
C482|ichi|S2,2025-06-04 10:45:00,BUY,-9.35,path-counterfactual only
C482|ichi|S2,2025-06-04 17:15:00,BUY,0.05,path-counterfactual only
C482|ichi|S2,2025-06-06 01:15:00,SELL,-9.73,path-counterfactual only
C482|ichi|S2,2025-06-06 06:30:00,BUY,0.05,path-counterfactual only
C482|ichi|S2,2025-06-09 01:15:00,SELL,0.05,path-counterfactual only
C482|ichi|S2,2025-06-09 03:15:00,SELL,14.76,path-counterfactual only
C482|ichi|S2,2025-06-10 15:30:00,BUY,0.05,path-counterfactual only
C482|ichi|S2,2025-06-11 15:45:00,BUY,-12.25,path-counterfactual only
C482|ichi|S2,2025-06-12 08:15:00,BUY,0.05,path-counterfactual only
C482|ichi|S2,2025-06-12 18:30:00,BUY,23.92,path-counterfactual only
C482|ichi|S2,2025-06-13 20:30:00,BUY,0.05,path-counterfactual only
C482|ichi|S2,2025-06-16 01:15:00,BUY,-11.03,path-counterfactual only
C482|ichi|S2,2025-06-16 05:00:00,BUY,-12.12,path-counterfactual only
C482|ichi|S2,2025-06-17 06:15:00,SELL,0.05,path-counterfactual only
C482|ichi|S2,2025-06-17 17:45:00,SELL,-13.33,path-counterfactual only
C482|ichi|S2,2025-06-18 04:45:00,SELL,-8.68,path-counterfactual only
C482|ichi|S2,2025-06-19 04:45:00,SELL,15.4,path-counterfactual only
C482|ichi|S2,2025-06-19 17:30:00,SELL,-10.28,path-counterfactual only
C482|ichi|S2,2025-06-20 04:15:00,SELL,12.67,path-counterfactual only
C482|ichi|S2,2025-06-20 08:00:00,SELL,12.85,path-counterfactual only
C482|ichi|S2,2025-06-20 10:45:00,SELL,-10.25,path-counterfactual only
C482|ichi|S2,2025-06-23 10:15:00,SELL,-9.76,path-counterfactual only
C482|ichi|S2,2025-06-23 17:15:00,BUY,0.05,path-counterfactual only
C482|ichi|S2,2025-06-24 07:15:00,SELL,15.84,path-counterfactual only
C482|ichi|S2,2025-06-24 16:00:00,SELL,18.15,path-counterfactual only
C482|ichi|S2,2025-06-24 17:30:00,SELL,-14.66,path-counterfactual only
C482|ichi|S2,2025-06-26 15:45:00,SELL,14.3,path-counterfactual only
C482|ichi|S2,2025-06-27 13:15:00,SELL,15.8,path-counterfactual only
C482|ichi|S2,2025-06-27 17:15:00,SELL,20.65,path-counterfactual only
C482|ichi|S2,2025-07-01 17:00:00,BUY,-9.28,path-counterfactual only
C482|ichi|S2,2025-07-02 18:00:00,BUY,14.01,path-counterfactual only
C482|ichi|S2,2025-07-03 17:00:00,SELL,0.05,path-counterfactual only
C482|ichi|S2,2025-07-03 20:45:00,SELL,0.05,path-counterfactual only
C482|ichi|S2,2025-07-07 04:15:00,SELL,0.05,path-counterfactual only
C482|ichi|S2,2025-07-07 10:45:00,SELL,0.05,path-counterfactual only
C482|ichi|S2,2025-07-07 13:45:00,SELL,-8.69,path-counterfactual only
C482|ichi|S2,2025-07-09 11:15:00,SELL,0.05,path-counterfactual only
C482|ichi|S2,2025-07-09 12:45:00,SELL,-8.13,path-counterfactual only
C482|ichi|S2,2025-07-10 17:30:00,SELL,-10.63,path-counterfactual only
C482|ichi|S2,2025-07-11 15:30:00,BUY,12.33,path-counterfactual only
C482|ichi|S2,2025-07-14 01:15:00,BUY,0.05,path-counterfactual only
C482|ichi|S2,2025-07-14 04:15:00,BUY,-9.0,path-counterfactual only
C482|ichi|S2,2025-07-16 19:15:00,BUY,-20.82,path-counterfactual only
C482|ichi|S2,2025-07-17 17:00:00,SELL,-10.04,path-counterfactual only
C482|ichi|S2,2025-07-23 12:00:00,BUY,0.05,path-counterfactual only
C482|ichi|S2,2025-07-24 08:45:00,SELL,0.05,path-counterfactual only
C482|ichi|S2,2025-07-25 17:15:00,SELL,12.85,path-counterfactual only
C482|ichi|S2,2025-07-28 03:45:00,SELL,-7.39,path-counterfactual only
C482|ichi|S2,2025-07-28 17:00:00,SELL,-10.09,path-counterfactual only
C482|ichi|S2,2025-07-29 17:00:00,SELL,0.05,path-counterfactual only
C482|ichi|S2,2025-07-31 17:30:00,SELL,0.05,path-counterfactual only
C482|ichi|S2,2025-08-01 15:45:00,BUY,18.21,path-counterfactual only
C482|ichi|S2,2025-08-04 11:30:00,BUY,11.21,path-counterfactual only
C482|ichi|S2,2025-08-04 15:45:00,BUY,10.89,path-counterfactual only
C482|ichi|S2,2025-08-04 21:00:00,BUY,-7.25,path-counterfactual only
C482|ichi|S2,2025-08-07 09:15:00,BUY,10.19,path-counterfactual only
C482|ichi|S2,2025-08-07 17:45:00,BUY,0.05,path-counterfactual only
C482|ichi|S2,2025-08-08 01:45:00,BUY,-11.45,path-counterfactual only
C482|ichi|S2,2025-08-08 10:15:00,BUY,0.05,path-counterfactual only
C482|ichi|S2,2025-08-08 12:15:00,BUY,-9.36,path-counterfactual only
C482|ichi|S2,2025-08-11 05:45:00,SELL,16.92,path-counterfactual only
C482|ichi|S2,2025-08-11 11:45:00,SELL,0.05,path-counterfactual only
C482|ichi|S2,2025-08-11 16:15:00,SELL,-11.55,path-counterfactual only
C482|ichi|S2,2025-08-11 17:45:00,SELL,0.05,path-counterfactual only
C482|ichi|S2,2025-08-12 09:15:00,SELL,0.05,path-counterfactual only
C482|ichi|S2,2025-08-12 15:15:00,SELL,0.05,path-counterfactual only
C482|ichi|S2,2025-08-15 13:15:00,SELL,0.05,path-counterfactual only
C482|ichi|S2,2025-08-15 15:15:00,SELL,0.05,path-counterfactual only
C482|ichi|S2,2025-08-18 10:15:00,BUY,-6.96,path-counterfactual only
C482|ichi|S2,2025-08-19 16:15:00,SELL,-6.58,path-counterfactual only
C482|ichi|S2,2025-08-21 17:00:00,BUY,0.05,path-counterfactual only
C482|ichi|S2,2025-08-21 18:30:00,BUY,-9.63,path-counterfactual only
C482|ichi|S2,2025-08-26 16:45:00,BUY,11.51,path-counterfactual only
C482|ichi|S2,2025-08-27 17:30:00,BUY,9.8,path-counterfactual only
C482|ichi|S2,2025-08-28 19:00:00,BUY,0.05,path-counterfactual only
C482|ichi|S2,2025-09-01 01:15:00,BUY,0.05,path-counterfactual only
C482|ichi|S2,2025-09-01 05:00:00,BUY,13.57,path-counterfactual only
C482|ichi|S2,2025-09-01 17:45:00,BUY,0.05,path-counterfactual only
C482|ichi|S2,2025-09-02 04:15:00,BUY,11.44,path-counterfactual only
C482|ichi|S2,2025-09-02 05:45:00,BUY,-10.93,path-counterfactual only
C482|ichi|S2,2025-09-03 03:30:00,BUY,0.05,path-counterfactual only
C482|ichi|S2,2025-09-03 05:45:00,BUY,-10.82,path-counterfactual only
C482|ichi|S2,2025-09-03 14:00:00,BUY,12.54,path-counterfactual only
C482|ichi|S2,2025-09-03 17:00:00,BUY,16.62,path-counterfactual only
C482|ichi|S2,2025-09-04 13:15:00,BUY,0.05,path-counterfactual only
C482|ichi|S2,2025-09-05 06:15:00,BUY,0.05,path-counterfactual only
C482|ichi|S2,2025-09-05 15:45:00,BUY,-11.66,path-counterfactual only
C482|ichi|S2,2025-09-08 01:30:00,BUY,-10.07,path-counterfactual only
C482|ichi|S2,2025-09-09 09:45:00,BUY,0.05,path-counterfactual only
C482|ichi|S2,2025-09-09 15:15:00,BUY,-9.22,path-counterfactual only
C482|ichi|S2,2025-09-10 15:45:00,BUY,-9.07,path-counterfactual only
C482|ichi|S2,2025-09-11 12:00:00,SELL,0.05,path-counterfactual only
C482|ichi|S2,2025-09-12 01:15:00,BUY,10.71,path-counterfactual only
C482|ichi|S2,2025-09-15 15:45:00,BUY,11.57,path-counterfactual only
C482|ichi|S2,2025-09-16 11:15:00,BUY,0.05,path-counterfactual only
C482|ichi|S2,2025-09-16 16:30:00,BUY,0.05,path-counterfactual only
C482|ichi|S2,2025-09-18 08:45:00,SELL,14.13,path-counterfactual only
C482|ichi|S2,2025-09-18 16:45:00,SELL,-13.91,path-counterfactual only
C482|ichi|S2,2025-09-19 05:00:00,SELL,-8.41,path-counterfactual only
C482|ichi|S2,2025-09-22 05:30:00,BUY,0.05,path-counterfactual only
C482|ichi|S2,2025-09-22 07:30:00,BUY,11.49,path-counterfactual only
C482|ichi|S2,2025-09-22 16:00:00,BUY,14.48,path-counterfactual only
C482|ichi|S2,2025-09-23 02:30:00,BUY,10.78,path-counterfactual only
C482|ichi|S2,2025-09-23 09:15:00,BUY,14.29,path-counterfactual only
C482|ichi|S2,2025-09-23 18:30:00,BUY,-12.36,path-counterfactual only
C482|ichi|S2,2025-09-25 12:45:00,BUY,-10.68,path-counterfactual only
C482|ichi|S2,2025-09-25 14:30:00,BUY,0.05,path-counterfactual only
C482|ichi|S2,2025-09-25 18:30:00,SELL,-16.99,path-counterfactual only
C482|ichi|S2,2025-09-26 15:15:00,BUY,11.98,path-counterfactual only
C482|ichi|S2,2025-09-26 16:45:00,BUY,17.28,path-counterfactual only
C482|ichi|S2,2025-09-29 05:00:00,BUY,19.33,path-counterfactual only
C482|ichi|S2,2025-09-29 16:30:00,BUY,0.05,path-counterfactual only
C482|ichi|S2,2025-09-29 18:30:00,BUY,0.05,path-counterfactual only
C482|ichi|S2,2025-09-30 02:30:00,BUY,11.72,path-counterfactual only
C482|ichi|S2,2025-09-30 18:45:00,BUY,29.52,path-counterfactual only
C482|ichi|S2,2025-10-01 08:30:00,BUY,-9.89,path-counterfactual only
C482|ichi|S2,2025-10-02 11:00:00,BUY,15.08,path-counterfactual only
C482|ichi|S2,2025-10-03 15:00:00,BUY,13.46,path-counterfactual only
C482|ichi|S2,2025-10-06 02:15:00,BUY,19.31,path-counterfactual only
C482|ichi|S2,2025-10-06 11:45:00,BUY,0.05,path-counterfactual only
C482|ichi|S2,2025-10-06 13:30:00,BUY,0.05,path-counterfactual only
C482|ichi|S2,2025-10-06 16:45:00,BUY,22.88,path-counterfactual only
C482|ichi|S2,2025-10-07 01:15:00,BUY,-11.53,path-counterfactual only
C482|ichi|S2,2025-10-07 19:45:00,BUY,0.05,path-counterfactual only
C482|ichi|S2,2025-10-08 04:30:00,BUY,16.13,path-counterfactual only
C482|ichi|S2,2025-10-08 13:45:00,BUY,18.33,path-counterfactual only
C482|ichi|S2,2025-10-09 14:45:00,BUY,-11.07,path-counterfactual only
C482|ichi|S2,2025-10-10 06:45:00,SELL,-17.17,path-counterfactual only
C482|ichi|S2,2025-10-13 01:15:00,BUY,34.0,path-counterfactual only
C482|ichi|S2,2025-10-13 15:30:00,BUY,0.05,path-counterfactual only
C482|ichi|S2,2025-10-13 18:45:00,BUY,0.05,path-counterfactual only
C482|ichi|S2,2025-10-14 20:15:00,BUY,35.35,path-counterfactual only
C482|ichi|S2,2025-10-15 17:15:00,BUY,-21.95,path-counterfactual only
C482|ichi|S2,2025-10-15 19:30:00,BUY,33.25,path-counterfactual only
C482|ichi|S2,2025-10-16 15:45:00,BUY,24.34,path-counterfactual only
C482|ichi|S2,2025-10-16 17:15:00,BUY,0.05,path-counterfactual only
C482|ichi|S2,2025-10-16 19:45:00,BUY,33.02,path-counterfactual only
C482|ichi|S2,2025-10-17 05:30:00,BUY,0.05,path-counterfactual only
C482|ichi|S2,2025-10-21 01:15:00,BUY,0.05,path-counterfactual only
C482|ichi|S2,2025-10-21 11:15:00,SELL,-29.18,path-counterfactual only
C482|ichi|S2,2025-10-22 02:15:00,SELL,40.67,path-counterfactual only
C482|ichi|S2,2025-10-22 17:15:00,SELL,0.05,path-counterfactual only
C482|ichi|S2,2025-10-27 00:45:00,SELL,0.05,path-counterfactual only
C482|ichi|S2,2025-10-27 10:30:00,SELL,26.71,path-counterfactual only
C482|ichi|S2,2025-10-27 12:00:00,SELL,33.36,path-counterfactual only
C482|ichi|S2,2025-10-28 00:15:00,SELL,0.05,path-counterfactual only
C482|ichi|S2,2025-10-28 07:00:00,SELL,31.9,path-counterfactual only
C482|ichi|S2,2025-10-28 14:45:00,SELL,-22.73,path-counterfactual only
C482|ichi|S2,2025-10-29 16:15:00,BUY,-18.96,path-counterfactual only
C482|ichi|S2,2025-10-29 20:15:00,SELL,29.78,path-counterfactual only
C482|ichi|S2,2025-10-30 04:00:00,SELL,0.05,path-counterfactual only
C482|ichi|S2,2025-10-30 16:45:00,BUY,0.05,path-counterfactual only
C482|ichi|S2,2025-10-31 01:15:00,BUY,0.05,path-counterfactual only
C482|ichi|S2,2025-10-31 10:00:00,BUY,-19.35,path-counterfactual only
C482|ichi|S2,2025-10-31 14:30:00,BUY,-16.0,path-counterfactual only
C482|ichi|S2,2025-11-03 10:45:00,BUY,0.05,path-counterfactual only
C482|ichi|S2,2025-11-03 17:00:00,BUY,-16.14,path-counterfactual only
C482|ichi|S2,2025-11-04 01:15:00,SELL,0.05,path-counterfactual only
C482|ichi|S2,2025-11-04 06:15:00,SELL,24.65,path-counterfactual only
C482|ichi|S2,2025-11-04 16:30:00,SELL,-19.0,path-counterfactual only
C482|ichi|S2,2025-11-05 04:00:00,SELL,-16.01,path-counterfactual only
C482|ichi|S2,2025-11-06 03:15:00,SELL,-11.62,path-counterfactual only
C482|ichi|S2,2025-11-06 16:00:00,BUY,-10.95,path-counterfactual only
C482|ichi|S2,2025-11-07 03:15:00,BUY,-11.87,path-counterfactual only
C482|ichi|S2,2025-11-07 06:30:00,BUY,0.05,path-counterfactual only
C482|ichi|S2,2025-11-10 01:30:00,BUY,20.61,path-counterfactual only
C482|ichi|S2,2025-11-10 18:15:00,BUY,22.52,path-counterfactual only
C482|ichi|S2,2025-11-11 08:30:00,BUY,-12.13,path-counterfactual only
C482|ichi|S2,2025-11-11 15:15:00,BUY,0.05,path-counterfactual only
C482|ichi|S2,2025-11-12 10:30:00,BUY,0.05,path-counterfactual only
C482|ichi|S2,2025-11-13 12:00:00,BUY,-15.95,path-counterfactual only
C482|ichi|S2,2025-11-14 11:30:00,SELL,0.05,path-counterfactual only
C482|ichi|S2,2025-11-17 02:15:00,SELL,34.75,path-counterfactual only
C482|ichi|S2,2025-11-17 15:45:00,SELL,28.77,path-counterfactual only
C482|ichi|S2,2025-11-18 03:15:00,SELL,29.76,path-counterfactual only
C482|ichi|S2,2025-11-19 02:15:00,BUY,-13.32,path-counterfactual only
C482|ichi|S2,2025-11-19 10:30:00,BUY,22.26,path-counterfactual only
C482|ichi|S2,2025-11-19 16:45:00,BUY,-17.76,path-counterfactual only
C482|ichi|S2,2025-11-20 05:45:00,SELL,0.05,path-counterfactual only
C482|ichi|S2,2025-11-20 13:30:00,SELL,-19.1,path-counterfactual only
C482|ichi|S2,2025-11-20 15:45:00,BUY,0.05,path-counterfactual only
C482|ichi|S2,2025-11-21 05:00:00,SELL,0.05,path-counterfactual only
C482|ichi|S2,2025-11-21 08:15:00,SELL,27.98,path-counterfactual only
C482|ichi|S2,2025-11-21 12:15:00,SELL,-21.45,path-counterfactual only
C482|ichi|S2,2025-11-21 17:00:00,BUY,0.05,path-counterfactual only
C482|ichi|S2,2025-11-24 03:15:00,SELL,0.05,path-counterfactual only
C482|ichi|S2,2025-11-24 06:30:00,SELL,0.05,path-counterfactual only
C482|ichi|S2,2025-11-24 16:30:00,BUY,20.73,path-counterfactual only
C482|ichi|S2,2025-11-25 06:15:00,BUY,0.05,path-counterfactual only
C482|ichi|S2,2025-11-25 15:15:00,BUY,0.05,path-counterfactual only
C482|ichi|S2,2025-11-26 10:00:00,BUY,0.05,path-counterfactual only
C482|ichi|S2,2025-11-26 11:30:00,BUY,-13.27,path-counterfactual only
C482|ichi|S2,2025-11-26 15:30:00,BUY,-14.16,path-counterfactual only
C482|ichi|S2,2025-11-27 01:15:00,BUY,-10.03,path-counterfactual only
C482|ichi|S2,2025-11-27 13:15:00,BUY,14.15,path-counterfactual only
C482|ichi|S2,2025-11-28 17:30:00,BUY,25.65,path-counterfactual only
C482|ichi|S2,2025-12-01 15:15:00,BUY,0.05,path-counterfactual only
C482|ichi|S2,2025-12-02 11:30:00,SELL,0.05,path-counterfactual only
C482|ichi|S2,2025-12-03 13:45:00,SELL,-10.68,path-counterfactual only
C482|ichi|S2,2025-12-03 16:15:00,BUY,-15.6,path-counterfactual only
C482|ichi|S2,2025-12-03 17:45:00,BUY,-19.23,path-counterfactual only
C482|ichi|S2,2025-12-03 19:30:00,SELL,0.05,path-counterfactual only
C482|ichi|S2,2025-12-04 01:30:00,SELL,18.35,path-counterfactual only
C482|ichi|S2,2025-12-04 05:15:00,SELL,0.05,path-counterfactual only
C482|ichi|S2,2025-12-04 11:00:00,SELL,-12.23,path-counterfactual only
C482|ichi|S2,2025-12-05 04:15:00,SELL,0.05,path-counterfactual only
C482|ichi|S2,2025-12-05 05:45:00,BUY,15.27,path-counterfactual only
C482|ichi|S2,2025-12-05 11:30:00,BUY,0.05,path-counterfactual only
C482|ichi|S2,2025-12-05 13:15:00,BUY,0.05,path-counterfactual only
C482|ichi|S2,2025-12-05 14:45:00,BUY,12.75,path-counterfactual only
C482|ichi|S2,2025-12-08 04:00:00,SELL,-14.07,path-counterfactual only
C482|ichi|S2,2025-12-08 16:45:00,SELL,19.38,path-counterfactual only
C482|ichi|S2,2025-12-09 08:45:00,SELL,0.05,path-counterfactual only
C482|ichi|S2,2025-12-09 16:45:00,BUY,-12.37,path-counterfactual only
C482|ichi|S2,2025-12-09 19:30:00,BUY,0.05,path-counterfactual only
C482|ichi|S2,2025-12-10 03:15:00,BUY,-8.69,path-counterfactual only
C482|ichi|S2,2025-12-10 15:00:00,SELL,-7.98,path-counterfactual only
C482|ichi|S2,2025-12-10 16:30:00,SELL,0.05,path-counterfactual only
C482|ichi|S2,2025-12-11 16:15:00,BUY,19.29,path-counterfactual only
C482|ichi|S2,2025-12-12 02:15:00,BUY,19.63,path-counterfactual only
C482|ichi|S2,2025-12-15 13:30:00,BUY,0.05,path-counterfactual only
C482|ichi|S2,2025-12-16 11:30:00,SELL,0.05,path-counterfactual only
C482|ichi|S2,2025-12-17 03:15:00,BUY,15.16,path-counterfactual only
C482|ichi|S2,2025-12-17 15:30:00,BUY,18.22,path-counterfactual only
C482|ichi|S2,2025-12-17 17:45:00,BUY,0.05,path-counterfactual only
C482|ichi|S2,2025-12-18 18:15:00,BUY,0.05,path-counterfactual only
C482|ichi|S2,2025-12-19 03:30:00,SELL,-13.98,path-counterfactual only
C482|ichi|S2,2025-12-19 06:45:00,SELL,-11.72,path-counterfactual only
C482|ichi|S2,2025-12-19 13:30:00,BUY,0.05,path-counterfactual only
C482|ichi|S2,2025-12-19 16:45:00,BUY,-11.28,path-counterfactual only
C482|ichi|S2,2025-12-22 12:45:00,BUY,16.05,path-counterfactual only
C482|ichi|S2,2025-12-22 16:45:00,BUY,19.48,path-counterfactual only
C482|ichi|S2,2025-12-23 09:30:00,BUY,0.05,path-counterfactual only
C482|ichi|S2,2025-12-23 15:15:00,BUY,-10.4,path-counterfactual only
C482|ichi|S2,2025-12-26 05:45:00,BUY,0.05,path-counterfactual only
C482|ichi|S2,2025-12-26 16:00:00,BUY,0.05,path-counterfactual only
C482|ichi|S2,2025-12-29 04:00:00,SELL,40.88,path-counterfactual only
C482|ichi|S2,2025-12-29 09:30:00,SELL,0.05,path-counterfactual only
C482|ichi|S2,2025-12-29 15:30:00,SELL,32.2,path-counterfactual only
C482|ichi|S2,2025-12-31 08:00:00,SELL,-28.52,path-counterfactual only
C482|ichi|S2,2025-12-31 10:45:00,SELL,0.05,path-counterfactual only
C482|ichi|S2,2025-12-31 12:45:00,SELL,-24.38,path-counterfactual only
C482|ichi|S2,2026-01-02 12:15:00,BUY,0.05,path-counterfactual only
C482|ichi|S2,2026-01-02 15:00:00,BUY,0.05,path-counterfactual only
C482|ichi|S2,2026-01-06 08:15:00,BUY,0.05,path-counterfactual only
C482|ichi|S2,2026-01-06 16:00:00,BUY,22.48,path-counterfactual only
C482|ichi|S2,2026-01-06 17:45:00,BUY,0.05,path-counterfactual only
C482|ichi|S2,2026-01-07 15:00:00,SELL,-14.64,path-counterfactual only
C482|ichi|S2,2026-01-08 10:15:00,SELL,0.05,path-counterfactual only
C482|ichi|S2,2026-01-09 04:00:00,BUY,0.05,path-counterfactual only
C482|ichi|S2,2026-01-09 08:30:00,BUY,-11.63,path-counterfactual only
C482|ichi|S2,2026-01-09 15:45:00,BUY,0.05,path-counterfactual only
C482|ichi|S2,2026-01-09 20:45:00,BUY,30.21,path-counterfactual only
C482|ichi|S2,2026-01-12 08:30:00,BUY,24.93,path-counterfactual only
C482|ichi|S2,2026-01-12 13:45:00,BUY,21.47,path-counterfactual only
C482|ichi|S2,2026-01-12 16:45:00,BUY,0.05,path-counterfactual only
C482|ichi|S2,2026-01-12 21:00:00,BUY,-18.71,path-counterfactual only
C482|ichi|S2,2026-01-13 15:00:00,BUY,19.64,path-counterfactual only
C482|ichi|S2,2026-01-14 08:15:00,BUY,0.05,path-counterfactual only
C482|ichi|S2,2026-01-14 15:45:00,BUY,-15.09,path-counterfactual only
C482|ichi|S2,2026-01-15 06:00:00,SELL,0.05,path-counterfactual only
C482|ichi|S2,2026-01-16 04:00:00,SELL,0.05,path-counterfactual only
C482|ichi|S2,2026-01-19 08:15:00,BUY,0.05,path-counterfactual only
C482|ichi|S2,2026-01-19 11:15:00,BUY,0.05,path-counterfactual only
C482|ichi|S2,2026-01-20 15:45:00,BUY,20.48,path-counterfactual only
C482|ichi|S2,2026-01-20 18:00:00,BUY,30.63,path-counterfactual only
C482|ichi|S2,2026-01-21 09:30:00,BUY,0.05,path-counterfactual only
C482|ichi|S2,2026-01-22 12:00:00,BUY,0.05,path-counterfactual only
C482|ichi|S2,2026-01-22 16:45:00,BUY,-18.54,path-counterfactual only
C482|ichi|S2,2026-01-23 03:45:00,BUY,0.05,path-counterfactual only
C482|ichi|S2,2026-01-23 16:00:00,BUY,0.05,path-counterfactual only
C482|ichi|S2,2026-01-23 21:00:00,BUY,36.44,path-counterfactual only
C482|ichi|S2,2026-01-26 08:00:00,BUY,0.05,path-counterfactual only
C482|ichi|S2,2026-01-26 18:00:00,BUY,0.05,path-counterfactual only
C482|ichi|S2,2026-01-26 19:45:00,BUY,-30.66,path-counterfactual only
C482|ichi|S2,2026-01-27 11:15:00,BUY,-22.59,path-counterfactual only
C482|ichi|S2,2026-01-28 12:00:00,BUY,-28.14,path-counterfactual only
C482|ichi|S2,2026-01-28 20:00:00,BUY,54.45,path-counterfactual only
C482|ichi|S2,2026-01-30 10:45:00,SELL,135.97,path-counterfactual only
C482|ichi|S2,2026-01-30 15:30:00,SELL,140.06,path-counterfactual only
C482|ichi|S2,2026-02-02 02:45:00,SELL,197.04,path-counterfactual only
C482|ichi|S2,2026-02-03 13:30:00,BUY,0.05,path-counterfactual only
C482|ichi|S2,2026-02-03 15:00:00,BUY,0.05,path-counterfactual only
C482|ichi|S2,2026-02-03 16:30:00,BUY,0.05,path-counterfactual only
C482|ichi|S2,2026-02-04 01:45:00,BUY,84.92,path-counterfactual only
C482|ichi|S2,2026-02-04 19:45:00,SELL,0.05,path-counterfactual only
C482|ichi|S2,2026-02-05 03:45:00,BUY,-51.57,path-counterfactual only
C482|ichi|S2,2026-02-05 11:15:00,SELL,0.05,path-counterfactual only
C482|ichi|S2,2026-02-05 15:45:00,SELL,-64.1,path-counterfactual only
C482|ichi|S2,2026-02-06 03:30:00,SELL,-72.48,path-counterfactual only
C482|ichi|S2,2026-02-06 15:15:00,BUY,0.05,path-counterfactual only
C482|ichi|S2,2026-02-09 01:30:00,BUY,0.05,path-counterfactual only
C482|ichi|S2,2026-02-09 05:00:00,BUY,0.05,path-counterfactual only
C482|ichi|S2,2026-02-09 11:30:00,BUY,-30.61,path-counterfactual only
C482|ichi|S2,2026-02-09 16:45:00,BUY,46.56,path-counterfactual only
C482|ichi|S2,2026-02-10 11:15:00,BUY,-27.69,path-counterfactual only
C482|ichi|S2,2026-02-11 01:30:00,BUY,0.05,path-counterfactual only
C482|ichi|S2,2026-02-11 08:00:00,BUY,0.05,path-counterfactual only
C482|ichi|S2,2026-02-11 10:00:00,BUY,30.29,path-counterfactual only
C482|ichi|S2,2026-02-16 01:30:00,BUY,-26.53,path-counterfactual only
C482|ichi|S2,2026-02-16 10:30:00,BUY,0.05,path-counterfactual only
C482|ichi|S2,2026-02-16 15:30:00,SELL,23.77,path-counterfactual only
C482|ichi|S2,2026-02-17 03:00:00,SELL,0.05,path-counterfactual only
C482|ichi|S2,2026-02-17 09:15:00,SELL,-30.43,path-counterfactual only
C482|ichi|S2,2026-02-17 16:00:00,SELL,-29.74,path-counterfactual only
C482|ichi|S2,2026-02-18 02:00:00,SELL,-28.0,path-counterfactual only
C482|ichi|S2,2026-02-20 03:00:00,BUY,-19.49,path-counterfactual only
C482|ichi|S2,2026-02-20 10:30:00,BUY,0.05,path-counterfactual only
C482|ichi|S2,2026-02-20 14:45:00,BUY,30.43,path-counterfactual only
C482|ichi|S2,2026-02-23 16:15:00,BUY,29.19,path-counterfactual only
C482|ichi|S2,2026-02-24 02:15:00,BUY,-21.91,path-counterfactual only
C482|ichi|S2,2026-02-25 03:15:00,BUY,0.05,path-counterfactual only
C482|ichi|S2,2026-02-25 12:00:00,BUY,-17.16,path-counterfactual only
C482|ichi|S2,2026-02-25 17:45:00,BUY,-23.6,path-counterfactual only
C482|ichi|S2,2026-02-26 02:00:00,SELL,-25.29,path-counterfactual only
C482|ichi|S2,2026-02-26 17:15:00,SELL,-23.22,path-counterfactual only
C482|ichi|S2,2026-02-27 05:30:00,BUY,0.05,path-counterfactual only
C482|ichi|S2,2026-02-27 15:15:00,BUY,23.58,path-counterfactual only
C482|ichi|S2,2026-02-27 20:30:00,BUY,38.2,path-counterfactual only
C482|ichi|S2,2026-03-02 01:15:00,BUY,-33.05,path-counterfactual only
C482|ichi|S2,2026-03-02 07:45:00,BUY,47.19,path-counterfactual only
C482|ichi|S2,2026-03-02 14:15:00,BUY,0.05,path-counterfactual only
C482|ichi|S2,2026-03-03 04:15:00,BUY,0.05,path-counterfactual only
C482|ichi|S2,2026-03-03 11:30:00,SELL,-43.65,path-counterfactual only
C482|ichi|S2,2026-03-03 13:15:00,SELL,84.11,path-counterfactual only
C482|ichi|S2,2026-03-03 15:15:00,SELL,113.89,path-counterfactual only
C482|ichi|S2,2026-03-04 17:00:00,SELL,0.05,path-counterfactual only
C482|ichi|S2,2026-03-05 08:15:00,SELL,-26.24,path-counterfactual only
C482|ichi|S2,2026-03-05 12:15:00,SELL,40.57,path-counterfactual only
C482|ichi|S2,2026-03-05 15:30:00,SELL,0.05,path-counterfactual only
C482|ichi|S2,2026-03-05 17:15:00,SELL,0.05,path-counterfactual only
C482|ichi|S2,2026-03-06 13:45:00,SELL,0.05,path-counterfactual only
C482|ichi|S2,2026-03-09 15:45:00,SELL,-30.04,path-counterfactual only
C482|ichi|S2,2026-03-10 03:15:00,BUY,37.76,path-counterfactual only
C482|ichi|S2,2026-03-10 06:15:00,BUY,37.59,path-counterfactual only
C482|ichi|S2,2026-03-10 16:30:00,BUY,0.05,path-counterfactual only
C482|ichi|S2,2026-03-11 02:30:00,BUY,-23.51,path-counterfactual only
C482|ichi|S2,2026-03-11 15:45:00,SELL,-24.01,path-counterfactual only
C482|ichi|S2,2026-03-12 01:30:00,SELL,0.05,path-counterfactual only
C482|ichi|S2,2026-03-12 14:45:00,BUY,-15.16,path-counterfactual only
C482|ichi|S2,2026-03-13 08:30:00,SELL,24.44,path-counterfactual only
C482|ichi|S2,2026-03-16 00:30:00,SELL,41.42,path-counterfactual only
C482|ichi|S2,2026-03-16 03:15:00,SELL,-37.03,path-counterfactual only
C482|ichi|S2,2026-03-17 11:15:00,SELL,0.05,path-counterfactual only
C482|ichi|S2,2026-03-17 17:45:00,SELL,-25.53,path-counterfactual only
C482|ichi|S2,2026-03-18 04:15:00,SELL,0.05,path-counterfactual only
C482|ichi|S2,2026-03-18 12:45:00,SELL,26.78,path-counterfactual only
C482|ichi|S2,2026-03-19 18:15:00,SELL,-75.92,path-counterfactual only
C482|ichi|S2,2026-03-20 15:15:00,SELL,54.96,path-counterfactual only
C482|ichi|S2,2026-03-23 00:45:00,SELL,76.14,path-counterfactual only
C482|ichi|S2,2026-03-23 03:30:00,SELL,0.05,path-counterfactual only
C482|ichi|S2,2026-03-23 10:30:00,SELL,-92.9,path-counterfactual only
C482|ichi|S2,2026-03-24 02:45:00,SELL,0.05,path-counterfactual only
C482|ichi|S2,2026-03-24 19:45:00,SELL,-44.21,path-counterfactual only
C482|ichi|S2,2026-03-26 14:00:00,SELL,-34.61,path-counterfactual only
C482|ichi|S2,2026-03-26 18:30:00,SELL,0.05,path-counterfactual only
C482|ichi|S2,2026-03-27 15:30:00,SELL,-26.28,path-counterfactual only
C482|ichi|S2,2026-03-27 20:15:00,BUY,0.05,path-counterfactual only
C482|ichi|S2,2026-03-30 04:30:00,SELL,-43.05,path-counterfactual only
C482|ichi|S2,2026-03-30 15:15:00,BUY,0.05,path-counterfactual only
C482|ichi|S2,2026-03-31 08:45:00,BUY,-32.38,path-counterfactual only
C482|ichi|S2,2026-03-31 14:30:00,BUY,0.05,path-counterfactual only
C482|ichi|S2,2026-03-31 16:45:00,BUY,46.91,path-counterfactual only
C482|ichi|S2,2026-04-01 08:45:00,BUY,37.86,path-counterfactual only
C482|ichi|S2,2026-04-01 11:00:00,BUY,47.23,path-counterfactual only
C482|ichi|S2,2026-04-01 15:30:00,BUY,0.05,path-counterfactual only
C482|ichi|S2,2026-04-01 17:45:00,BUY,0.05,path-counterfactual only
C482|ichi|S2,2026-04-02 01:15:00,BUY,0.05,path-counterfactual only
C482|ichi|S2,2026-04-02 12:00:00,SELL,0.05,path-counterfactual only
C482|ichi|S2,2026-04-06 02:15:00,SELL,0.05,path-counterfactual only
C482|ichi|S2,2026-04-06 10:45:00,BUY,0.05,path-counterfactual only
C482|ichi|S2,2026-04-06 17:00:00,BUY,0.05,path-counterfactual only
C482|ichi|S2,2026-04-07 03:15:00,SELL,27.44,path-counterfactual only
C482|ichi|S2,2026-04-07 04:45:00,SELL,0.05,path-counterfactual only
C482|ichi|S2,2026-04-07 13:15:00,BUY,-28.3,path-counterfactual only
C482|ichi|S2,2026-04-07 15:30:00,BUY,-31.1,path-counterfactual only
C482|ichi|S2,2026-04-07 17:15:00,SELL,-34.91,path-counterfactual only
C482|ichi|S2,2026-04-08 09:00:00,BUY,-28.64,path-counterfactual only
C482|ichi|S2,2026-04-09 06:15:00,SELL,-25.46,path-counterfactual only
C482|ichi|S2,2026-04-09 13:30:00,BUY,32.9,path-counterfactual only
C482|ichi|S2,2026-04-09 17:45:00,BUY,38.58,path-counterfactual only
C482|ichi|S2,2026-04-10 15:45:00,BUY,0.05,path-counterfactual only
C482|ichi|S2,2026-04-14 09:45:00,BUY,22.03,path-counterfactual only
C482|ichi|S2,2026-04-14 11:30:00,BUY,-18.46,path-counterfactual only
C482|ichi|S2,2026-04-14 16:45:00,BUY,0.05,path-counterfactual only
C482|ichi|S2,2026-04-14 18:30:00,BUY,35.23,path-counterfactual only
C482|ichi|S2,2026-04-15 03:30:00,BUY,25.62,path-counterfactual only
C482|ichi|S2,2026-04-16 17:15:00,SELL,0.05,path-counterfactual only
C482|ichi|S2,2026-04-17 03:00:00,SELL,19.92,path-counterfactual only
C482|ichi|S2,2026-04-17 04:30:00,SELL,-17.25,path-counterfactual only
C482|ichi|S2,2026-04-17 15:15:00,BUY,22.69,path-counterfactual only
C482|ichi|S2,2026-04-20 06:15:00,SELL,0.05,path-counterfactual only
C482|ichi|S2,2026-04-20 11:00:00,SELL,-18.77,path-counterfactual only
C482|ichi|S2,2026-04-20 15:30:00,BUY,0.05,path-counterfactual only
C482|ichi|S2,2026-04-21 12:00:00,SELL,0.05,path-counterfactual only
C482|ichi|S2,2026-04-21 17:30:00,SELL,33.33,path-counterfactual only
C482|ichi|S2,2026-04-22 15:45:00,SELL,0.05,path-counterfactual only
C482|ichi|S2,2026-04-22 17:15:00,SELL,0.05,path-counterfactual only
C482|ichi|S2,2026-04-23 03:15:00,SELL,-16.26,path-counterfactual only
C482|ichi|S2,2026-04-23 10:30:00,SELL,-18.33,path-counterfactual only
C482|ichi|S2,2026-04-23 12:00:00,SELL,-17.74,path-counterfactual only
C482|ichi|S2,2026-04-23 20:45:00,SELL,-26.69,path-counterfactual only
C482|ichi|S2,2026-04-24 03:00:00,SELL,30.94,path-counterfactual only
C482|ichi|S2,2026-04-27 15:45:00,SELL,20.13,path-counterfactual only
C482|ichi|S2,2026-04-27 18:00:00,SELL,0.05,path-counterfactual only
C482|ichi|S2,2026-04-28 15:30:00,SELL,0.05,path-counterfactual only
C482|ichi|S2,2026-04-29 04:15:00,SELL,-17.26,path-counterfactual only
C482|ichi|S2,2026-05-01 01:15:00,BUY,-17.51,path-counterfactual only
C482|ichi|S2,2026-05-01 05:15:00,BUY,-14.14,path-counterfactual only
C482|ichi|S2,2026-05-04 08:30:00,SELL,28.86,path-counterfactual only
C482|ichi|S2,2026-05-04 13:15:00,SELL,-20.54,path-counterfactual only
C482|ichi|S2,2026-05-04 18:30:00,SELL,0.05,path-counterfactual only
C482|ichi|S2,2026-05-06 02:15:00,BUY,27.75,path-counterfactual only
C482|ichi|S2,2026-05-06 17:00:00,BUY,0.05,path-counterfactual only
C482|ichi|S2,2026-05-07 04:15:00,BUY,0.05,path-counterfactual only
C482|ichi|S2,2026-05-07 09:45:00,BUY,-18.85,path-counterfactual only
C482|ichi|S2,2026-05-07 13:45:00,BUY,0.05,path-counterfactual only
C482|ichi|S2,2026-05-08 09:15:00,BUY,0.05,path-counterfactual only
C482|ichi|S2,2026-05-08 15:45:00,BUY,-20.1,path-counterfactual only
C482|ichi|S2,2026-05-11 04:15:00,SELL,0.05,path-counterfactual only
C482|ichi|S2,2026-05-11 06:00:00,SELL,0.05,path-counterfactual only
C482|ichi|S2,2026-05-12 15:30:00,SELL,0.05,path-counterfactual only
C482|ichi|S2,2026-05-12 17:00:00,SELL,37.02,path-counterfactual only
C482|ichi|S2,2026-05-13 04:45:00,BUY,-16.35,path-counterfactual only
C482|ichi|S2,2026-05-13 13:45:00,SELL,22.83,path-counterfactual only
C482|ichi|S2,2026-05-14 06:45:00,SELL,-18.84,path-counterfactual only
C482|ichi|S2,2026-05-14 16:15:00,BUY,-18.34,path-counterfactual only
C482|ichi|S2,2026-05-14 17:45:00,SELL,32.72,path-counterfactual only
C482|ichi|S2,2026-05-15 03:30:00,SELL,0.05,path-counterfactual only
C482|ichi|S2,2026-05-15 14:45:00,SELL,0.05,path-counterfactual only
C482|ichi|S2,2026-05-18 03:15:00,SELL,37.18,path-counterfactual only
C482|ichi|S2,2026-05-19 11:30:00,SELL,0.05,path-counterfactual only
C482|ichi|S2,2026-05-19 16:15:00,SELL,32.72,path-counterfactual only
C482|ichi|S2,2026-05-20 04:15:00,SELL,29.81,path-counterfactual only
C482|ichi|S2,2026-05-20 09:45:00,SELL,-21.11,path-counterfactual only
C482|ichi|S2,2026-05-20 17:15:00,SELL,-19.94,path-counterfactual only
C482|ichi|S2,2026-05-21 02:45:00,BUY,22.28,path-counterfactual only
C482|ichi|S2,2026-05-21 17:15:00,SELL,0.05,path-counterfactual only
C482|ichi|S2,2026-05-22 03:45:00,BUY,-14.57,path-counterfactual only
C482|ichi|S2,2026-05-22 09:15:00,SELL,0.05,path-counterfactual only
C482|ichi|S2,2026-05-22 15:45:00,SELL,25.21,path-counterfactual only
C482|ichi|S2,2026-05-22 17:15:00,SELL,-20.3,path-counterfactual only
C482|ichi|S2,2026-05-25 15:45:00,BUY,0.05,path-counterfactual only
C482|ichi|S2,2026-05-26 01:15:00,BUY,0.05,path-counterfactual only
C482|ichi|S2,2026-05-26 10:45:00,SELL,0.05,path-counterfactual only
C482|ichi|S2,2026-05-26 14:45:00,SELL,-17.78,path-counterfactual only
C482|ichi|S2,2026-05-27 08:15:00,SELL,22.69,path-counterfactual only
C482|ichi|S2,2026-05-27 15:30:00,SELL,37.37,path-counterfactual only
C482|ichi|S2,2026-05-28 04:15:00,SELL,25.66,path-counterfactual only
C482|ichi|S2,2026-05-28 12:00:00,SELL,0.05,path-counterfactual only
C482|ichi|S2,2026-05-29 03:15:00,BUY,21.33,path-counterfactual only
C482|ichi|S2,2026-05-29 04:45:00,BUY,0.05,path-counterfactual only
C482|ichi|S2,2026-05-29 09:00:00,BUY,0.05,path-counterfactual only
C482|ichi|S2,2026-05-29 12:15:00,BUY,0.05,path-counterfactual only
C482|ichi|S2,2026-05-29 17:45:00,BUY,33.18,path-counterfactual only
C482|ichi|S2,2026-06-01 16:15:00,SELL,29.05,path-counterfactual only
C482|ichi|S2,2026-06-02 05:00:00,SELL,-18.71,path-counterfactual only
C482|ichi|S2,2026-06-02 14:30:00,BUY,-12.6,path-counterfactual only
C482|ichi|S2,2026-06-03 04:15:00,SELL,28.14,path-counterfactual only
C482|ichi|S2,2026-06-03 15:30:00,SELL,0.05,path-counterfactual only
C482|ichi|S2,2026-06-04 14:30:00,BUY,24.51,path-counterfactual only
C482|ichi|S2,2026-06-05 02:15:00,SELL,21.73,path-counterfactual only
C482|ichi|S2,2026-06-05 09:00:00,SELL,-15.84,path-counterfactual only
C482|ichi|S2,2026-06-08 04:45:00,SELL,39.87,path-counterfactual only
C482|ichi|S2,2026-06-08 08:45:00,SELL,-25.96,path-counterfactual only
C482|ichi|S2,2026-06-08 11:00:00,SELL,-24.84,path-counterfactual only
C482|ichi|S2,2026-06-10 10:30:00,SELL,32.88,path-counterfactual only
C482|ichi|S2,2026-06-10 15:45:00,SELL,0.05,path-counterfactual only
C482|ichi|S2,2026-06-10 17:45:00,SELL,48.45,path-counterfactual only
C482|ichi|S2,2026-06-11 02:45:00,SELL,0.05,path-counterfactual only
C482|ichi|S2,2026-06-11 05:45:00,SELL,-37.44,path-counterfactual only
C482|ichi|S2,2026-06-11 15:30:00,SELL,0.05,path-counterfactual only
C482|ichi|S2,2026-06-11 17:15:00,SELL,-28.03,path-counterfactual only
C482|ichi|S2,2026-06-12 18:00:00,BUY,0.05,path-counterfactual only
C482|ichi|S2,2026-06-15 01:15:00,BUY,51.65,path-counterfactual only
C482|ichi|S2,2026-06-17 02:15:00,BUY,0.05,path-counterfactual only
C482|ichi|S2,2026-06-17 17:30:00,BUY,-15.09,path-counterfactual only
C482|ichi|S2,2026-06-18 17:00:00,SELL,33.53,path-counterfactual only
C482|ichi|S2,2026-06-22 01:15:00,SELL,0.05,path-counterfactual only
C482|ichi|S2,2026-06-22 16:30:00,SELL,-15.49,path-counterfactual only
C482|ichi|S2,2026-06-22 18:30:00,SELL,0.05,path-counterfactual only
C482|ichi|S2,2026-06-23 03:15:00,SELL,-13.02,path-counterfactual only
C482|ichi|S2,2026-06-23 04:45:00,SELL,27.12,path-counterfactual only
C482|ichi|S2,2026-06-24 03:45:00,SELL,0.05,path-counterfactual only
C482|ichi|S2,2026-06-24 05:15:00,SELL,35.12,path-counterfactual only
C482|ichi|S2,2026-06-24 19:00:00,SELL,0.05,path-counterfactual only
C482|ichi|S2,2026-06-25 04:15:00,SELL,0.05,path-counterfactual only
C482|ichi|S2,2026-06-25 05:45:00,SELL,-30.55,path-counterfactual only
C482|ichi|S2,2026-06-26 16:00:00,BUY,29.65,path-counterfactual only
C482|ichi|S2,2026-06-29 15:30:00,SELL,28.12,path-counterfactual only
C482|ichi|S2,2026-06-29 18:30:00,SELL,34.27,path-counterfactual only
C482|ichi|S2,2026-06-30 04:45:00,SELL,0.05,path-counterfactual only
C482|ichi|S2,2026-06-30 17:15:00,BUY,0.05,path-counterfactual only
C482|ichi|S2,2026-07-02 04:00:00,BUY,29.34,path-counterfactual only
C482|ichi|S2,2026-07-02 15:45:00,BUY,-25.95,path-counterfactual only
C482|ichi|S2,2026-07-03 09:45:00,BUY,0.05,path-counterfactual only
C482|ichi|S2,2026-07-06 01:15:00,BUY,19.43,path-counterfactual only
C482|ichi|S2,2026-07-06 03:00:00,BUY,-16.28,path-counterfactual only
C482|ichi|S2,2026-07-07 03:30:00,BUY,-11.43,path-counterfactual only
C482|ichi|S2,2026-07-07 06:00:00,SELL,0.05,path-counterfactual only
C482|ichi|S2,2026-07-07 10:30:00,SELL,-14.48,path-counterfactual only
C482|ichi|S2,2026-07-08 04:30:00,SELL,-21.39,path-counterfactual only
C482|ichi|S2,2026-07-08 11:30:00,SELL,29.96,path-counterfactual only
C482|ichi|S2,2026-07-08 16:00:00,SELL,36.2,path-counterfactual only
C482|ichi|S2,2026-07-09 15:45:00,BUY,0.05,path-counterfactual only
C482|ichi|S2,2026-07-10 06:30:00,BUY,-14.79,path-counterfactual only
C482|ichi|S2,2026-07-10 14:00:00,SELL,-11.17,path-counterfactual only
C482|ichi|S2,2026-07-10 15:45:00,SELL,22.22,path-counterfactual only
C482|ichi|S2,2026-07-10 18:00:00,SELL,-22.3,path-counterfactual only
C482|ichi|S2,2026-07-13 03:30:00,SELL,27.94,path-counterfactual only
C482|ichi|S2,2026-07-13 15:00:00,SELL,26.03,path-counterfactual only
C482|ichi|S2,2026-07-15 05:15:00,SELL,0.05,path-counterfactual only
C482|ichi|S2,2026-07-15 11:15:00,SELL,-15.02,path-counterfactual only
C482|ichi|S2,2026-07-16 11:15:00,SELL,-12.7,path-counterfactual only
C482|ichi|S2,2026-07-16 15:30:00,SELL,23.84,path-counterfactual only
C482|ichi|S2,2026-07-16 19:15:00,SELL,0.05,path-counterfactual only
C482|ichi|S2,2026-07-17 03:30:00,SELL,0.05,path-counterfactual only
C482|ichi|S2,2026-07-17 15:30:00,SELL,19.6,path-counterfactual only
C482|ichi|S2,2026-07-20 12:00:00,BUY,21.19,path-counterfactual only
C482|ichi|S2,2026-07-20 14:45:00,BUY,-13.96,path-counterfactual only
C482|ichi|S2,2026-07-21 02:00:00,SELL,-13.06,path-counterfactual only
C482|ichi|S2,2026-07-21 05:45:00,BUY,24.14,path-counterfactual only
C482|ichi|S2,2026-07-21 13:00:00,BUY,-12.8,path-counterfactual only
C482|ichi|S2,2026-07-22 03:15:00,BUY,0.05,path-counterfactual only
C482|ichi|S2,2026-07-24 03:15:00,SELL,16.98,path-counterfactual only
C482|ichi|S2,2026-07-24 06:00:00,SELL,-13.99,path-counterfactual only
C482|ichi|S2,2026-07-28 11:15:00,SELL,16.63,path-counterfactual only
C482|ichi|S2,2026-07-28 16:00:00,SELL,0.05,path-counterfactual only
C482|ichi|S2,2026-07-28 18:00:00,SELL,-16.32,path-counterfactual only
C482|ichi|S2,2026-07-29 01:30:00,SELL,0.05,path-counterfactual only
C482|ichi|S2,2026-07-29 03:15:00,SELL,0.05,path-counterfactual only
C482|ichi|S2,2026-07-29 13:45:00,SELL,29.32,path-counterfactual only
C482|ichi|S2,2026-07-29 19:15:00,SELL,-15.29,path-counterfactual only
C482|ichi|S2,2026-07-30 01:15:00,BUY,0.05,path-counterfactual only
C482|ichi|S2,2026-07-30 16:15:00,BUY,28.36,path-counterfactual only
C482|ichi|S2,2026-07-30 18:30:00,BUY,0.05,path-counterfactual only
C482|ichi|S2,2026-07-31 01:15:00,BUY,-21.84,path-counterfactual only
C482|ichi|S2,2026-08-03 13:00:00,SELL,0.05,path-counterfactual only
C482|ichi|S2,2026-08-03 16:15:00,SELL,0.05,path-counterfactual only
C482|ichi|S2,2026-08-04 11:15:00,BUY,-11.37,path-counterfactual only
C482|ichi|S2,2026-08-04 15:30:00,BUY,22.68,path-counterfactual only
C482|ichi|S2,2026-08-05 14:00:00,BUY,22.92,path-counterfactual only
C482|ichi|S2,2026-08-05 16:00:00,BUY,30.04,path-counterfactual only
C482|ichi|S2,2026-08-06 02:00:00,BUY,25.94,path-counterfactual only
C482|ichi|S2,2026-08-06 04:45:00,BUY,0.05,path-counterfactual only
C482|ichi|S2,2026-08-07 04:45:00,BUY,29.66,path-counterfactual only
C482|ichi|S2,2026-08-07 15:30:00,BUY,27.39,path-counterfactual only
C482|ichi|S2,2026-08-10 08:00:00,BUY,0.05,path-counterfactual only
C482|ichi|S2,2026-08-11 01:15:00,BUY,30.93,path-counterfactual only
C482|ichi|S2,2026-08-12 10:00:00,BUY,22.54,path-counterfactual only
C482|ichi|S2,2026-08-12 15:30:00,BUY,-15.15,path-counterfactual only
C482|ichi|S2,2026-08-14 03:15:00,SELL,25.12,path-counterfactual only
C482|ichi|S2,2026-08-17 07:45:00,BUY,0.05,path-counterfactual only
C482|ichi|S2,2026-08-17 17:00:00,BUY,0.05,path-counterfactual only
C482|ichi|S2,2026-08-18 01:15:00,BUY,0.05,path-counterfactual only
C482|ichi|S2,2026-08-18 12:15:00,SELL,-12.05,path-counterfactual only
C482|ichi|S2,2026-08-18 18:00:00,SELL,0.05,path-counterfactual only
C482|ichi|S2,2026-08-19 04:00:00,SELL,-16.34,path-counterfactual only
C482|ichi|S2,2026-08-21 01:15:00,BUY,0.05,path-counterfactual only
C482|ichi|S2,2026-08-21 04:15:00,BUY,0.05,path-counterfactual only
C482|ichi|S2,2026-08-21 05:45:00,BUY,0.05,path-counterfactual only
C482|ichi|S2,2026-08-21 08:45:00,BUY,26.14,path-counterfactual only
C482|ichi|S2,2026-08-21 16:15:00,BUY,31.47,path-counterfactual only
C482|ichi|S2,2026-08-24 02:30:00,BUY,0.05,path-counterfactual only
C482|ichi|S2,2026-08-24 06:00:00,BUY,0.05,path-counterfactual only
C482|ichi|S2,2026-08-26 14:00:00,SELL,0.05,path-counterfactual only
C482|ichi|S2,2026-08-26 19:00:00,SELL,-23.15,path-counterfactual only
C482|ichi|S2,2026-08-27 09:45:00,SELL,23.15,path-counterfactual only
C482|ichi|S2,2026-08-27 15:45:00,SELL,-15.9,path-counterfactual only
C482|ichi|S2,2026-08-31 05:15:00,SELL,-33.43,path-counterfactual only
C482|ichi|S2,2026-09-01 09:30:00,SELL,24.5,path-counterfactual only
C482|ichi|S2,2026-09-01 11:15:00,SELL,29.74,path-counterfactual only
C482|ichi|S2,2026-09-02 04:00:00,SELL,0.05,path-counterfactual only
C482|ichi|S2,2026-09-02 05:45:00,SELL,0.05,path-counterfactual only
C482|ichi|S2,2026-09-03 01:15:00,BUY,0.05,path-counterfactual only
C482|ichi|S2,2026-09-03 11:30:00,BUY,-18.23,path-counterfactual only
C482|ichi|S2,2026-09-03 15:45:00,BUY,0.05,path-counterfactual only
C482|ichi|S2,2026-09-03 17:30:00,BUY,0.05,path-counterfactual only
C482|ichi|S2,2026-09-07 04:00:00,SELL,0.05,path-counterfactual only
C482|ichi|S2,2026-09-07 08:45:00,SELL,0.05,path-counterfactual only
